{
"meta":{"test_sets":[],"test_metrics":[],"learn_metrics":[{"best_value":"Min","name":"RMSE"}],"launch_mode":"Train","parameters":"","iteration_count":1000,"learn_sets":["learn"],"name":"experiment"},
"iterations":[
{"learn":[14.59871775],"iteration":0,"passed_time":0.1423825595,"remaining_time":142.240177},
{"learn":[14.22518863],"iteration":1,"passed_time":0.1435196555,"remaining_time":71.61630811},
{"learn":[13.8866124],"iteration":2,"passed_time":0.1444761474,"remaining_time":48.01423964},
{"learn":[13.52356875],"iteration":3,"passed_time":0.1458208813,"remaining_time":36.30939944},
{"learn":[13.18870211],"iteration":4,"passed_time":0.1473527111,"remaining_time":29.32318952},
{"learn":[12.9124226],"iteration":5,"passed_time":0.1486442747,"remaining_time":24.62540151},
{"learn":[12.60003351],"iteration":6,"passed_time":0.1505037307,"remaining_time":21.35002922},
{"learn":[12.32990573],"iteration":7,"passed_time":0.1524201659,"remaining_time":18.90010058},
{"learn":[12.0660619],"iteration":8,"passed_time":0.1544436176,"remaining_time":17.00595834},
{"learn":[11.77309809],"iteration":9,"passed_time":0.1565624226,"remaining_time":15.49967984},
{"learn":[11.49227636],"iteration":10,"passed_time":0.1583179475,"remaining_time":14.23422274},
{"learn":[11.26264833],"iteration":11,"passed_time":0.1602034397,"remaining_time":13.1900832},
{"learn":[11.04260393],"iteration":12,"passed_time":0.1615381558,"remaining_time":12.26447383},
{"learn":[10.79916926],"iteration":13,"passed_time":0.1627105342,"remaining_time":11.45947048},
{"learn":[10.5541002],"iteration":14,"passed_time":0.1636815474,"remaining_time":10.74842161},
{"learn":[10.31918115],"iteration":15,"passed_time":0.1653286185,"remaining_time":10.16771004},
{"learn":[10.10004441],"iteration":16,"passed_time":0.1669562993,"remaining_time":9.654002485},
{"learn":[9.894556723],"iteration":17,"passed_time":0.1684522752,"remaining_time":9.19000746},
{"learn":[9.690174082],"iteration":18,"passed_time":0.1700470867,"remaining_time":8.779799581},
{"learn":[9.506034866],"iteration":19,"passed_time":0.1717389041,"remaining_time":8.415206299},
{"learn":[9.338524633],"iteration":20,"passed_time":0.1735393422,"remaining_time":8.090238859},
{"learn":[9.170203312],"iteration":21,"passed_time":0.1753097857,"remaining_time":7.793316839},
{"learn":[9.010299969],"iteration":22,"passed_time":0.1768903946,"remaining_time":7.513996327},
{"learn":[8.843866678],"iteration":23,"passed_time":0.1782698891,"remaining_time":7.249642158},
{"learn":[8.690548059],"iteration":24,"passed_time":0.1799654428,"remaining_time":7.018652268},
{"learn":[8.555307687],"iteration":25,"passed_time":0.1818971775,"remaining_time":6.814148109},
{"learn":[8.413851302],"iteration":26,"passed_time":0.1834696384,"remaining_time":6.611702154},
{"learn":[8.29256019],"iteration":27,"passed_time":0.1860286433,"remaining_time":6.457851475},
{"learn":[8.162193833],"iteration":28,"passed_time":0.1876663062,"remaining_time":6.283585632},
{"learn":[8.040736294],"iteration":29,"passed_time":0.1892616448,"remaining_time":6.119459848},
{"learn":[7.921220278],"iteration":30,"passed_time":0.1910644175,"remaining_time":5.972303889},
{"learn":[7.809589039],"iteration":31,"passed_time":0.1923620902,"remaining_time":5.818953228},
{"learn":[7.699675801],"iteration":32,"passed_time":0.1936605195,"remaining_time":5.674840071},
{"learn":[7.60645267],"iteration":33,"passed_time":0.1951620957,"remaining_time":5.544899544},
{"learn":[7.498880302],"iteration":34,"passed_time":0.1967925853,"remaining_time":5.42585271},
{"learn":[7.401158744],"iteration":35,"passed_time":0.1982904732,"remaining_time":5.309778227},
{"learn":[7.306431077],"iteration":36,"passed_time":0.1996247845,"remaining_time":5.19563966},
{"learn":[7.223863468],"iteration":37,"passed_time":0.2011236094,"remaining_time":5.091602953},
{"learn":[7.143477682],"iteration":38,"passed_time":0.202500492,"remaining_time":4.989819816},
{"learn":[7.062817131],"iteration":39,"passed_time":0.2036951263,"remaining_time":4.888683031},
{"learn":[6.990793435],"iteration":40,"passed_time":0.206821039,"remaining_time":4.837594546},
{"learn":[6.931862224],"iteration":41,"passed_time":0.2080969151,"remaining_time":4.74659154},
{"learn":[6.858296558],"iteration":42,"passed_time":0.209723875,"remaining_time":4.667575543},
{"learn":[6.786268161],"iteration":43,"passed_time":0.2107926254,"remaining_time":4.57994886},
{"learn":[6.717118549],"iteration":44,"passed_time":0.2117937945,"remaining_time":4.494734971},
{"learn":[6.652948106],"iteration":45,"passed_time":0.2127073475,"remaining_time":4.411365424},
{"learn":[6.589686076],"iteration":46,"passed_time":0.2138825389,"remaining_time":4.336809778},
{"learn":[6.531283097],"iteration":47,"passed_time":0.2147037256,"remaining_time":4.258290557},
{"learn":[6.471368031],"iteration":48,"passed_time":0.2155760817,"remaining_time":4.18393579},
{"learn":[6.416481395],"iteration":49,"passed_time":0.2162889238,"remaining_time":4.109489553},
{"learn":[6.369870822],"iteration":50,"passed_time":0.2168955107,"remaining_time":4.035957641},
{"learn":[6.325678067],"iteration":51,"passed_time":0.2174705588,"remaining_time":3.964655572},
{"learn":[6.275766122],"iteration":52,"passed_time":0.218013583,"remaining_time":3.895450246},
{"learn":[6.224773967],"iteration":53,"passed_time":0.2185844553,"remaining_time":3.829275829},
{"learn":[6.182249254],"iteration":54,"passed_time":0.2191734056,"remaining_time":3.765797606},
{"learn":[6.139904173],"iteration":55,"passed_time":0.2198277299,"remaining_time":3.705667447},
{"learn":[6.100525536],"iteration":56,"passed_time":0.2204828411,"remaining_time":3.647637177},
{"learn":[6.062568564],"iteration":57,"passed_time":0.2210748262,"remaining_time":3.590560108},
{"learn":[6.030559288],"iteration":58,"passed_time":0.2218024344,"remaining_time":3.537560861},
{"learn":[5.997931376],"iteration":59,"passed_time":0.2223254331,"remaining_time":3.483098451},
{"learn":[5.964103835],"iteration":60,"passed_time":0.2228376508,"remaining_time":3.430238593},
{"learn":[5.933729724],"iteration":61,"passed_time":0.2233049615,"remaining_time":3.378387966},
{"learn":[5.901932711],"iteration":62,"passed_time":0.2238069823,"remaining_time":3.3286848},
{"learn":[5.873727795],"iteration":63,"passed_time":0.2242780211,"remaining_time":3.280066059},
{"learn":[5.846485734],"iteration":64,"passed_time":0.2247475238,"remaining_time":3.232906689},
{"learn":[5.820630862],"iteration":65,"passed_time":0.2252125459,"remaining_time":3.187098756},
{"learn":[5.793646238],"iteration":66,"passed_time":0.2256627096,"remaining_time":3.142437434},
{"learn":[5.765388646],"iteration":67,"passed_time":0.2262423601,"remaining_time":3.10085117},
{"learn":[5.747073912],"iteration":68,"passed_time":0.2268866329,"remaining_time":3.061325438},
{"learn":[5.722315217],"iteration":69,"passed_time":0.2273951546,"remaining_time":3.021107054},
{"learn":[5.699970599],"iteration":70,"passed_time":0.2279745434,"remaining_time":2.982934519},
{"learn":[5.682732647],"iteration":71,"passed_time":0.2285432479,"remaining_time":2.945668529},
{"learn":[5.663525791],"iteration":72,"passed_time":0.2291275169,"remaining_time":2.909605591},
{"learn":[5.642381613],"iteration":73,"passed_time":0.2296385302,"remaining_time":2.873584851},
{"learn":[5.621404779],"iteration":74,"passed_time":0.2301180668,"remaining_time":2.838122823},
{"learn":[5.602460129],"iteration":75,"passed_time":0.230668093,"remaining_time":2.804438394},
{"learn":[5.587337574],"iteration":76,"passed_time":0.2311602837,"remaining_time":2.770921323},
{"learn":[5.572393026],"iteration":77,"passed_time":0.2315997316,"remaining_time":2.737627597},
{"learn":[5.558425806],"iteration":78,"passed_time":0.2320201255,"remaining_time":2.704943489},
{"learn":[5.541518902],"iteration":79,"passed_time":0.2324840405,"remaining_time":2.673566466},
{"learn":[5.526157283],"iteration":80,"passed_time":0.232929968,"remaining_time":2.642748649},
{"learn":[5.511746977],"iteration":81,"passed_time":0.2333978008,"remaining_time":2.612916843},
{"learn":[5.504975022],"iteration":82,"passed_time":0.2337241784,"remaining_time":2.582229778},
{"learn":[5.493980522],"iteration":83,"passed_time":0.2343519868,"remaining_time":2.555552618},
{"learn":[5.480745463],"iteration":84,"passed_time":0.2348628362,"remaining_time":2.528229354},
{"learn":[5.464052013],"iteration":85,"passed_time":0.2353579231,"remaining_time":2.501362112},
{"learn":[5.449143727],"iteration":86,"passed_time":0.235819787,"remaining_time":2.474752477},
{"learn":[5.438255432],"iteration":87,"passed_time":0.2363067493,"remaining_time":2.44899722},
{"learn":[5.425927931],"iteration":88,"passed_time":0.2368173129,"remaining_time":2.424051371},
{"learn":[5.412331217],"iteration":89,"passed_time":0.2373030401,"remaining_time":2.399397406},
{"learn":[5.400691499],"iteration":90,"passed_time":0.2377491116,"remaining_time":2.374878489},
{"learn":[5.391618744],"iteration":91,"passed_time":0.2381656156,"remaining_time":2.350591076},
{"learn":[5.380766572],"iteration":92,"passed_time":0.2386386067,"remaining_time":2.327367917},
{"learn":[5.372207183],"iteration":93,"passed_time":0.2391115396,"remaining_time":2.304628244},
{"learn":[5.362918837],"iteration":94,"passed_time":0.2395344573,"remaining_time":2.281880883},
{"learn":[5.348292324],"iteration":95,"passed_time":0.2399937813,"remaining_time":2.259941441},
{"learn":[5.339772295],"iteration":96,"passed_time":0.2404262662,"remaining_time":2.238195035},
{"learn":[5.331515983],"iteration":97,"passed_time":0.2408848233,"remaining_time":2.217123578},
{"learn":[5.323861644],"iteration":98,"passed_time":0.2414513124,"remaining_time":2.197450833},
{"learn":[5.313277281],"iteration":99,"passed_time":0.2419519089,"remaining_time":2.17756718},
{"learn":[5.30685627],"iteration":100,"passed_time":0.2424264982,"remaining_time":2.15783586},
{"learn":[5.29652059],"iteration":101,"passed_time":0.2428962537,"remaining_time":2.138439567},
{"learn":[5.288350766],"iteration":102,"passed_time":0.2433761328,"remaining_time":2.119498943},
{"learn":[5.27993346],"iteration":103,"passed_time":0.2438293565,"remaining_time":2.100683687},
{"learn":[5.271789139],"iteration":104,"passed_time":0.2442727043,"remaining_time":2.082134003},
{"learn":[5.262684686],"iteration":105,"passed_time":0.2447258177,"remaining_time":2.064008311},
{"learn":[5.251619772],"iteration":106,"passed_time":0.2451792161,"remaining_time":2.046215327},
{"learn":[5.241012171],"iteration":107,"passed_time":0.2457190994,"remaining_time":2.029457747},
{"learn":[5.232684032],"iteration":108,"passed_time":0.2461874536,"remaining_time":2.012413038},
{"learn":[5.224267141],"iteration":109,"passed_time":0.2466676636,"remaining_time":1.995765642},
{"learn":[5.216324968],"iteration":110,"passed_time":0.2471519516,"remaining_time":1.979442207},
{"learn":[5.211102527],"iteration":111,"passed_time":0.2475981158,"remaining_time":1.963099347},
{"learn":[5.206364257],"iteration":112,"passed_time":0.2480679158,"remaining_time":1.947223374},
{"learn":[5.196937641],"iteration":113,"passed_time":0.2485319867,"remaining_time":1.931573159},
{"learn":[5.190746047],"iteration":114,"passed_time":0.2491024625,"remaining_time":1.917005907},
{"learn":[5.181885213],"iteration":115,"passed_time":0.2495724525,"remaining_time":1.901914207},
{"learn":[5.178293568],"iteration":116,"passed_time":0.2499259401,"remaining_time":1.886193206},
{"learn":[5.170991438],"iteration":117,"passed_time":0.2504010949,"remaining_time":1.871642082},
{"learn":[5.166257212],"iteration":118,"passed_time":0.2508638836,"remaining_time":1.857235978},
{"learn":[5.161421246],"iteration":119,"passed_time":0.2513301745,"remaining_time":1.843087946},
{"learn":[5.158223542],"iteration":120,"passed_time":0.2517939293,"remaining_time":1.829147635},
{"learn":[5.15470988],"iteration":121,"passed_time":0.2521800713,"remaining_time":1.814869693},
{"learn":[5.146388143],"iteration":122,"passed_time":0.2526407515,"remaining_time":1.801349098},
{"learn":[5.139529364],"iteration":123,"passed_time":0.2530643572,"remaining_time":1.787777233},
{"learn":[5.134276023],"iteration":124,"passed_time":0.2534908444,"remaining_time":1.774435911},
{"learn":[5.128536065],"iteration":125,"passed_time":0.2539330184,"remaining_time":1.761408397},
{"learn":[5.123300353],"iteration":126,"passed_time":0.254295933,"remaining_time":1.748034248},
{"learn":[5.116200518],"iteration":127,"passed_time":0.2547426243,"remaining_time":1.735434128},
{"learn":[5.108728704],"iteration":128,"passed_time":0.2552194578,"remaining_time":1.723225952},
{"learn":[5.104075866],"iteration":129,"passed_time":0.2557229236,"remaining_time":1.711376488},
{"learn":[5.100317606],"iteration":130,"passed_time":0.2562642997,"remaining_time":1.699951729},
{"learn":[5.095814182],"iteration":131,"passed_time":0.256827133,"remaining_time":1.688832965},
{"learn":[5.092146915],"iteration":132,"passed_time":0.2573091466,"remaining_time":1.677346091},
{"learn":[5.085258329],"iteration":133,"passed_time":0.2577743548,"remaining_time":1.66591486},
{"learn":[5.079219421],"iteration":134,"passed_time":0.2582204447,"remaining_time":1.65452359},
{"learn":[5.076476829],"iteration":135,"passed_time":0.2587099408,"remaining_time":1.643569036},
{"learn":[5.072133867],"iteration":136,"passed_time":0.2591718882,"remaining_time":1.632593719},
{"learn":[5.067031564],"iteration":137,"passed_time":0.2596531012,"remaining_time":1.62189111},
{"learn":[5.061358312],"iteration":138,"passed_time":0.2601418617,"remaining_time":1.611382323},
{"learn":[5.056759124],"iteration":139,"passed_time":0.2605963972,"remaining_time":1.60080644},
{"learn":[5.050254],"iteration":140,"passed_time":0.261039784,"remaining_time":1.590306202},
{"learn":[5.048376474],"iteration":141,"passed_time":0.2613433843,"remaining_time":1.579102984},
{"learn":[5.042603751],"iteration":142,"passed_time":0.2618007262,"remaining_time":1.568973583},
{"learn":[5.037477349],"iteration":143,"passed_time":0.2622349665,"remaining_time":1.558841189},
{"learn":[5.03230489],"iteration":144,"passed_time":0.2626792865,"remaining_time":1.548902},
{"learn":[5.025976187],"iteration":145,"passed_time":0.2631504395,"remaining_time":1.539249831},
{"learn":[5.01952451],"iteration":146,"passed_time":0.2636298496,"remaining_time":1.529770488},
{"learn":[5.017569424],"iteration":147,"passed_time":0.2642174507,"remaining_time":1.521035595},
{"learn":[5.008962367],"iteration":148,"passed_time":0.2646914754,"remaining_time":1.51176138},
{"learn":[5.003880266],"iteration":149,"passed_time":0.2651413303,"remaining_time":1.502467538},
{"learn":[4.996387564],"iteration":150,"passed_time":0.2656207572,"remaining_time":1.493457105},
{"learn":[4.993361683],"iteration":151,"passed_time":0.266066117,"remaining_time":1.484368863},
{"learn":[4.99005752],"iteration":152,"passed_time":0.2665160469,"remaining_time":1.4754189},
{"learn":[4.986908764],"iteration":153,"passed_time":0.2669486705,"remaining_time":1.466484255},
{"learn":[4.985207175],"iteration":154,"passed_time":0.2673824342,"remaining_time":1.457665528},
{"learn":[4.979003494],"iteration":155,"passed_time":0.2678809236,"remaining_time":1.449304484},
{"learn":[4.973142217],"iteration":156,"passed_time":0.2683619979,"remaining_time":1.44095009},
{"learn":[4.967056696],"iteration":157,"passed_time":0.2688232718,"remaining_time":1.432589841},
{"learn":[4.961460696],"iteration":158,"passed_time":0.2692939989,"remaining_time":1.42437895},
{"learn":[4.954240363],"iteration":159,"passed_time":0.2698188034,"remaining_time":1.416548718},
{"learn":[4.952320707],"iteration":160,"passed_time":0.2701307635,"remaining_time":1.407700065},
{"learn":[4.948337777],"iteration":161,"passed_time":0.2705897849,"remaining_time":1.399717529},
{"learn":[4.943228639],"iteration":162,"passed_time":0.2710226712,"remaining_time":1.391693103},
{"learn":[4.938545759],"iteration":163,"passed_time":0.2714704421,"remaining_time":1.383837132},
{"learn":[4.935330572],"iteration":164,"passed_time":0.2719642525,"remaining_time":1.376303945},
{"learn":[4.932051543],"iteration":165,"passed_time":0.2724329316,"remaining_time":1.368729307},
{"learn":[4.928964153],"iteration":166,"passed_time":0.2728844843,"remaining_time":1.361154344},
{"learn":[4.922860227],"iteration":167,"passed_time":0.2733548191,"remaining_time":1.353757199},
{"learn":[4.917668772],"iteration":168,"passed_time":0.273822709,"remaining_time":1.346430007},
{"learn":[4.910365386],"iteration":169,"passed_time":0.2742889164,"remaining_time":1.339175297},
{"learn":[4.906457206],"iteration":170,"passed_time":0.2747572008,"remaining_time":1.332010056},
{"learn":[4.901996508],"iteration":171,"passed_time":0.2751858924,"remaining_time":1.324732087},
{"learn":[4.896816173],"iteration":172,"passed_time":0.2756359365,"remaining_time":1.317635373},
{"learn":[4.891123132],"iteration":173,"passed_time":0.2760878938,"remaining_time":1.31062414},
{"learn":[4.887630202],"iteration":174,"passed_time":0.2765506128,"remaining_time":1.303738603},
{"learn":[4.885259712],"iteration":175,"passed_time":0.2770034948,"remaining_time":1.296879998},
{"learn":[4.880659728],"iteration":176,"passed_time":0.2774389778,"remaining_time":1.290012874},
{"learn":[4.877299723],"iteration":177,"passed_time":0.2779093194,"remaining_time":1.283378992},
{"learn":[4.874038772],"iteration":178,"passed_time":0.278333368,"remaining_time":1.276601649},
{"learn":[4.86943698],"iteration":179,"passed_time":0.2787968792,"remaining_time":1.270074672},
{"learn":[4.861268711],"iteration":180,"passed_time":0.2793276683,"remaining_time":1.263919118},
{"learn":[4.858673056],"iteration":181,"passed_time":0.2798081924,"remaining_time":1.257599458},
{"learn":[4.854036207],"iteration":182,"passed_time":0.2802571731,"remaining_time":1.251202789},
{"learn":[4.85130244],"iteration":183,"passed_time":0.2807134754,"remaining_time":1.244903239},
{"learn":[4.847510084],"iteration":184,"passed_time":0.2811747662,"remaining_time":1.238688835},
{"learn":[4.845691673],"iteration":185,"passed_time":0.2816092255,"remaining_time":1.232418869},
{"learn":[4.842058646],"iteration":186,"passed_time":0.2820667636,"remaining_time":1.226311651},
{"learn":[4.838623675],"iteration":187,"passed_time":0.2825316447,"remaining_time":1.220296253},
{"learn":[4.834602161],"iteration":188,"passed_time":0.2830026867,"remaining_time":1.214366026},
{"learn":[4.830858976],"iteration":189,"passed_time":0.2834837893,"remaining_time":1.208536154},
{"learn":[4.827590511],"iteration":190,"passed_time":0.283956821,"remaining_time":1.202728106},
{"learn":[4.822246226],"iteration":191,"passed_time":0.2846724286,"remaining_time":1.19799647},
{"learn":[4.816686395],"iteration":192,"passed_time":0.2853440118,"remaining_time":1.193122371},
{"learn":[4.814797121],"iteration":193,"passed_time":0.2858995407,"remaining_time":1.187809432},
{"learn":[4.811639392],"iteration":194,"passed_time":0.2863986194,"remaining_time":1.182312249},
{"learn":[4.804813432],"iteration":195,"passed_time":0.2869824459,"remaining_time":1.177213706},
{"learn":[4.80251613],"iteration":196,"passed_time":0.2874418189,"remaining_time":1.171653709},
{"learn":[4.800087884],"iteration":197,"passed_time":0.2879078792,"remaining_time":1.166172319},
{"learn":[4.794773135],"iteration":198,"passed_time":0.2883615435,"remaining_time":1.160691439},
{"learn":[4.791664833],"iteration":199,"passed_time":0.2887899041,"remaining_time":1.155159616},
{"learn":[4.785989873],"iteration":200,"passed_time":0.289253023,"remaining_time":1.149816743},
{"learn":[4.782387142],"iteration":201,"passed_time":0.2897182865,"remaining_time":1.144530656},
{"learn":[4.778623704],"iteration":202,"passed_time":0.2901803235,"remaining_time":1.139279398},
{"learn":[4.775772178],"iteration":203,"passed_time":0.290643146,"remaining_time":1.134078158},
{"learn":[4.77023101],"iteration":204,"passed_time":0.2911165814,"remaining_time":1.128964304},
{"learn":[4.764496689],"iteration":205,"passed_time":0.2915650296,"remaining_time":1.123799192},
{"learn":[4.763138716],"iteration":206,"passed_time":0.292048371,"remaining_time":1.118813325},
{"learn":[4.758053283],"iteration":207,"passed_time":0.2925121795,"remaining_time":1.113796376},
{"learn":[4.755063788],"iteration":208,"passed_time":0.2929568083,"remaining_time":1.108750408},
{"learn":[4.752465267],"iteration":209,"passed_time":0.2933934834,"remaining_time":1.103718342},
{"learn":[4.748067377],"iteration":210,"passed_time":0.2938808728,"remaining_time":1.098919472},
{"learn":[4.744163298],"iteration":211,"passed_time":0.2945445675,"remaining_time":1.0948166},
{"learn":[4.736670896],"iteration":212,"passed_time":0.2950289324,"remaining_time":1.090083426},
{"learn":[4.73349255],"iteration":213,"passed_time":0.2954833491,"remaining_time":1.085279965},
{"learn":[4.731864595],"iteration":214,"passed_time":0.2959275971,"remaining_time":1.080479831},
{"learn":[4.728398311],"iteration":215,"passed_time":0.2963800953,"remaining_time":1.075749976},
{"learn":[4.723865975],"iteration":216,"passed_time":0.2968269621,"remaining_time":1.071039223},
{"learn":[4.723483365],"iteration":217,"passed_time":0.297247441,"remaining_time":1.066272931},
{"learn":[4.72095416],"iteration":218,"passed_time":0.2976772574,"remaining_time":1.061579626},
{"learn":[4.716173382],"iteration":219,"passed_time":0.2981520084,"remaining_time":1.057084393},
{"learn":[4.710563974],"iteration":220,"passed_time":0.2986414025,"remaining_time":1.052677161},
{"learn":[4.707160263],"iteration":221,"passed_time":0.299218707,"remaining_time":1.048613306},
{"learn":[4.70408351],"iteration":222,"passed_time":0.29972479,"remaining_time":1.044332564},
{"learn":[4.702501831],"iteration":223,"passed_time":0.3003177972,"remaining_time":1.040386654},
{"learn":[4.700269738],"iteration":224,"passed_time":0.3008316339,"remaining_time":1.03619785},
{"learn":[4.695346302],"iteration":225,"passed_time":0.3013442232,"remaining_time":1.032037296},
{"learn":[4.689769299],"iteration":226,"passed_time":0.3019819407,"remaining_time":1.028334979},
{"learn":[4.687919514],"iteration":227,"passed_time":0.3024783426,"remaining_time":1.024181055},
{"learn":[4.682982074],"iteration":228,"passed_time":0.3029298034,"remaining_time":1.019907766},
{"learn":[4.679578702],"iteration":229,"passed_time":0.303390194,"remaining_time":1.015697606},
{"learn":[4.675751423],"iteration":230,"passed_time":0.303832584,"remaining_time":1.011459988},
{"learn":[4.672710726],"iteration":231,"passed_time":0.3042881331,"remaining_time":1.007298648},
{"learn":[4.6690533],"iteration":232,"passed_time":0.3047456513,"remaining_time":1.003175599},
{"learn":[4.667595702],"iteration":233,"passed_time":0.3052052772,"remaining_time":0.9990907793},
{"learn":[4.664241291],"iteration":234,"passed_time":0.3056280899,"remaining_time":0.9949169736},
{"learn":[4.662246999],"iteration":235,"passed_time":0.3060709335,"remaining_time":0.9908398018},
{"learn":[4.658668443],"iteration":236,"passed_time":0.3065367915,"remaining_time":0.9868673921},
{"learn":[4.658017572],"iteration":237,"passed_time":0.3069685769,"remaining_time":0.9828153597},
{"learn":[4.657656705],"iteration":238,"passed_time":0.3074105111,"remaining_time":0.9788259369},
{"learn":[4.653242871],"iteration":239,"passed_time":0.3078512883,"remaining_time":0.974862413},
{"learn":[4.6507302],"iteration":240,"passed_time":0.3082917345,"remaining_time":0.970927081},
{"learn":[4.647671336],"iteration":241,"passed_time":0.3087505813,"remaining_time":0.9670782669},
{"learn":[4.645506007],"iteration":242,"passed_time":0.3091784124,"remaining_time":0.9631607333},
{"learn":[4.641297906],"iteration":243,"passed_time":0.3096540667,"remaining_time":0.9594199773},
{"learn":[4.63798107],"iteration":244,"passed_time":0.3101116615,"remaining_time":0.9556502223},
{"learn":[4.635062318],"iteration":245,"passed_time":0.310611409,"remaining_time":0.9520365952},
{"learn":[4.631606017],"iteration":246,"passed_time":0.3110477754,"remaining_time":0.948254959},
{"learn":[4.630215494],"iteration":247,"passed_time":0.3114793577,"remaining_time":0.9444857944},
{"learn":[4.62729814],"iteration":248,"passed_time":0.3119268949,"remaining_time":0.9407915586},
{"learn":[4.624691756],"iteration":249,"passed_time":0.3123644151,"remaining_time":0.9370932454},
{"learn":[4.621840053],"iteration":250,"passed_time":0.3128210139,"remaining_time":0.9334778463},
{"learn":[4.619602091],"iteration":251,"passed_time":0.3132677428,"remaining_time":0.9298582207},
{"learn":[4.613584029],"iteration":252,"passed_time":0.3137093214,"remaining_time":0.9262484708},
{"learn":[4.6119388],"iteration":253,"passed_time":0.314147912,"remaining_time":0.9226548912},
{"learn":[4.60870702],"iteration":254,"passed_time":0.3146062814,"remaining_time":0.9191438417},
{"learn":[4.604771557],"iteration":255,"passed_time":0.3150291087,"remaining_time":0.915553347},
{"learn":[4.604231277],"iteration":256,"passed_time":0.3155108165,"remaining_time":0.9121577303},
{"learn":[4.600750354],"iteration":257,"passed_time":0.315979291,"remaining_time":0.9087466432},
{"learn":[4.596488253],"iteration":258,"passed_time":0.316420187,"remaining_time":0.9052793767},
{"learn":[4.59470784],"iteration":259,"passed_time":0.316877283,"remaining_time":0.9018814978},
{"learn":[4.588818005],"iteration":260,"passed_time":0.3173393722,"remaining_time":0.8985202914},
{"learn":[4.585054174],"iteration":261,"passed_time":0.3177961403,"remaining_time":0.8951662272},
{"learn":[4.581471435],"iteration":262,"passed_time":0.318574613,"remaining_time":0.8927357027},
{"learn":[4.577555199],"iteration":263,"passed_time":0.3191077218,"remaining_time":0.8896336485},
{"learn":[4.57457145],"iteration":264,"passed_time":0.319595674,"remaining_time":0.8864257373},
{"learn":[4.573029224],"iteration":265,"passed_time":0.3200803324,"remaining_time":0.8832291879},
{"learn":[4.571326203],"iteration":266,"passed_time":0.3205539763,"remaining_time":0.8800227139},
{"learn":[4.571019224],"iteration":267,"passed_time":0.321007233,"remaining_time":0.8767809498},
{"learn":[4.565766631],"iteration":268,"passed_time":0.3214567063,"remaining_time":0.8735496369},
{"learn":[4.563383471],"iteration":269,"passed_time":0.3218887867,"remaining_time":0.8702919047},
{"learn":[4.558165805],"iteration":270,"passed_time":0.3223419216,"remaining_time":0.8671116635},
{"learn":[4.55629209],"iteration":271,"passed_time":0.322781964,"remaining_time":0.8639164331},
{"learn":[4.549383848],"iteration":272,"passed_time":0.3232482442,"remaining_time":0.8608112583},
{"learn":[4.546227503],"iteration":273,"passed_time":0.3236873527,"remaining_time":0.8576533505},
{"learn":[4.540620977],"iteration":274,"passed_time":0.3241719544,"remaining_time":0.8546351525},
{"learn":[4.532898237],"iteration":275,"passed_time":0.3247129065,"remaining_time":0.8517831315},
{"learn":[4.529757367],"iteration":276,"passed_time":0.3251837814,"remaining_time":0.8487648879},
{"learn":[4.52579294],"iteration":277,"passed_time":0.325611752,"remaining_time":0.8456535429},
{"learn":[4.521572155],"iteration":278,"passed_time":0.3260753092,"remaining_time":0.8426533975},
{"learn":[4.518818099],"iteration":279,"passed_time":0.3265318773,"remaining_time":0.8396533987},
{"learn":[4.514012334],"iteration":280,"passed_time":0.326989315,"remaining_time":0.8366737277},
{"learn":[4.508331416],"iteration":281,"passed_time":0.3274654486,"remaining_time":0.8337595464},
{"learn":[4.506038537],"iteration":282,"passed_time":0.3279454031,"remaining_time":0.8308722756},
{"learn":[4.505805643],"iteration":283,"passed_time":0.3284134064,"remaining_time":0.8279718273},
{"learn":[4.501550352],"iteration":284,"passed_time":0.3288473631,"remaining_time":0.8250030337},
{"learn":[4.494692643],"iteration":285,"passed_time":0.3293212905,"remaining_time":0.8221517531},
{"learn":[4.489330245],"iteration":286,"passed_time":0.3297660005,"remaining_time":0.8192444541},
{"learn":[4.484826955],"iteration":287,"passed_time":0.3302236021,"remaining_time":0.8163861275},
{"learn":[4.478285428],"iteration":288,"passed_time":0.3306617269,"remaining_time":0.8134964976},
{"learn":[4.475311671],"iteration":289,"passed_time":0.331126005,"remaining_time":0.8106878054},
{"learn":[4.471581298],"iteration":290,"passed_time":0.3315416287,"remaining_time":0.807776683},
{"learn":[4.469164956],"iteration":291,"passed_time":0.3320750948,"remaining_time":0.8051683806},
{"learn":[4.462068024],"iteration":292,"passed_time":0.3325714367,"remaining_time":0.8024846612},
{"learn":[4.458540976],"iteration":293,"passed_time":0.3330321329,"remaining_time":0.799730224},
{"learn":[4.455757458],"iteration":294,"passed_time":0.3334869113,"remaining_time":0.7969771947},
{"learn":[4.453027414],"iteration":295,"passed_time":0.3340274373,"remaining_time":0.7944436347},
{"learn":[4.450659338],"iteration":296,"passed_time":0.3344810128,"remaining_time":0.7917176834},
{"learn":[4.444696901],"iteration":297,"passed_time":0.3349415543,"remaining_time":0.789023393},
{"learn":[4.442052813],"iteration":298,"passed_time":0.3354003619,"remaining_time":0.786339979},
{"learn":[4.440036756],"iteration":299,"passed_time":0.3358200992,"remaining_time":0.7835802314},
{"learn":[4.435017051],"iteration":300,"passed_time":0.3362767179,"remaining_time":0.7809216804},
{"learn":[4.429962125],"iteration":301,"passed_time":0.3367349402,"remaining_time":0.778281418},
{"learn":[4.427666256],"iteration":302,"passed_time":0.3371953346,"remaining_time":0.7756605551},
{"learn":[4.425030004],"iteration":303,"passed_time":0.3376305041,"remaining_time":0.7729961542},
{"learn":[4.422588771],"iteration":304,"passed_time":0.3380527935,"remaining_time":0.7703170214},
{"learn":[4.418936667],"iteration":305,"passed_time":0.3384866989,"remaining_time":0.7676789839},
{"learn":[4.416887976],"iteration":306,"passed_time":0.3389277282,"remaining_time":0.7650713866},
{"learn":[4.413773354],"iteration":307,"passed_time":0.3394189321,"remaining_time":0.7625905877},
{"learn":[4.411129391],"iteration":308,"passed_time":0.3399864218,"remaining_time":0.7602932605},
{"learn":[4.40850819],"iteration":309,"passed_time":0.340462067,"remaining_time":0.7578026652},
{"learn":[4.404880292],"iteration":310,"passed_time":0.3409232306,"remaining_time":0.755292945},
{"learn":[4.404593827],"iteration":311,"passed_time":0.3413826313,"remaining_time":0.752792469},
{"learn":[4.402139942],"iteration":312,"passed_time":0.3419360586,"remaining_time":0.7505114129},
{"learn":[4.400284725],"iteration":313,"passed_time":0.3424990229,"remaining_time":0.7482621965},
{"learn":[4.395805521],"iteration":314,"passed_time":0.3429757031,"remaining_time":0.7458360528},
{"learn":[4.392838833],"iteration":315,"passed_time":0.3434209142,"remaining_time":0.7433541308},
{"learn":[4.389213061],"iteration":316,"passed_time":0.3438932326,"remaining_time":0.7409434633},
{"learn":[4.3861981],"iteration":317,"passed_time":0.3443632241,"remaining_time":0.7385399964},
{"learn":[4.385054234],"iteration":318,"passed_time":0.3448001689,"remaining_time":0.7360781036},
{"learn":[4.379364607],"iteration":319,"passed_time":0.3452415591,"remaining_time":0.7336383131},
{"learn":[4.378387619],"iteration":320,"passed_time":0.3456751511,"remaining_time":0.7311944786},
{"learn":[4.375816727],"iteration":321,"passed_time":0.3461258274,"remaining_time":0.7287991023},
{"learn":[4.374600202],"iteration":322,"passed_time":0.3465685966,"remaining_time":0.7263991948},
{"learn":[4.37098897],"iteration":323,"passed_time":0.3471587675,"remaining_time":0.7243189099},
{"learn":[4.367418484],"iteration":324,"passed_time":0.3477349797,"remaining_time":0.722218804},
{"learn":[4.363584638],"iteration":325,"passed_time":0.3482223029,"remaining_time":0.7199442704},
{"learn":[4.360770706],"iteration":326,"passed_time":0.3486993065,"remaining_time":0.7176594289},
{"learn":[4.358675808],"iteration":327,"passed_time":0.3491634,"remaining_time":0.7153591609},
{"learn":[4.354228195],"iteration":328,"passed_time":0.3496475657,"remaining_time":0.7131109927},
{"learn":[4.353773425],"iteration":329,"passed_time":0.3501110494,"remaining_time":0.7108315245},
{"learn":[4.351648009],"iteration":330,"passed_time":0.35057431,"remaining_time":0.7085625783},
{"learn":[4.348209927],"iteration":331,"passed_time":0.3510371761,"remaining_time":0.7063037158},
{"learn":[4.345852733],"iteration":332,"passed_time":0.3514779196,"remaining_time":0.7040113285},
{"learn":[4.34237339],"iteration":333,"passed_time":0.3519273133,"remaining_time":0.7017472773},
{"learn":[4.340814362],"iteration":334,"passed_time":0.3523542932,"remaining_time":0.6994495671},
{"learn":[4.339707068],"iteration":335,"passed_time":0.3528113003,"remaining_time":0.6972223316},
{"learn":[4.335430786],"iteration":336,"passed_time":0.3532598749,"remaining_time":0.6949890121},
{"learn":[4.33521887],"iteration":337,"passed_time":0.3536873483,"remaining_time":0.6927249247},
{"learn":[4.328507238],"iteration":338,"passed_time":0.3541560051,"remaining_time":0.6905519746},
{"learn":[4.326140732],"iteration":339,"passed_time":0.3547054782,"remaining_time":0.6885459283},
{"learn":[4.323785636],"iteration":340,"passed_time":0.3551644192,"remaining_time":0.686373467},
{"learn":[4.320632534],"iteration":341,"passed_time":0.3556255744,"remaining_time":0.6842152864},
{"learn":[4.31973724],"iteration":342,"passed_time":0.3560830167,"remaining_time":0.6820598891},
{"learn":[4.318000924],"iteration":343,"passed_time":0.3566125949,"remaining_time":0.6800519251},
{"learn":[4.312713628],"iteration":344,"passed_time":0.3570643499,"remaining_time":0.6779047802},
{"learn":[4.308220789],"iteration":345,"passed_time":0.3575178004,"remaining_time":0.6757706401},
{"learn":[4.305890947],"iteration":346,"passed_time":0.3579841679,"remaining_time":0.6736704947},
{"learn":[4.305137856],"iteration":347,"passed_time":0.3584167831,"remaining_time":0.6715165016},
{"learn":[4.304787172],"iteration":348,"passed_time":0.3588521036,"remaining_time":0.6693774196},
{"learn":[4.30350134],"iteration":349,"passed_time":0.3592666623,"remaining_time":0.6672095157},
{"learn":[4.30293809],"iteration":350,"passed_time":0.3597162521,"remaining_time":0.6651163749},
{"learn":[4.299548459],"iteration":351,"passed_time":0.3601619842,"remaining_time":0.6630254709},
{"learn":[4.294768408],"iteration":352,"passed_time":0.3606142081,"remaining_time":0.6609557865},
{"learn":[4.294581479],"iteration":353,"passed_time":0.3610375808,"remaining_time":0.658842591},
{"learn":[4.292551604],"iteration":354,"passed_time":0.3614743923,"remaining_time":0.6567633326},
{"learn":[4.288628894],"iteration":355,"passed_time":0.3619540963,"remaining_time":0.6547708933},
{"learn":[4.287802767],"iteration":356,"passed_time":0.3625509516,"remaining_time":0.6529979325},
{"learn":[4.284566905],"iteration":357,"passed_time":0.3630252414,"remaining_time":0.6510117457},
{"learn":[4.27890232],"iteration":358,"passed_time":0.3634771236,"remaining_time":0.6489939727},
{"learn":[4.276938023],"iteration":359,"passed_time":0.3639266398,"remaining_time":0.646980693},
{"learn":[4.273425094],"iteration":360,"passed_time":0.3643907187,"remaining_time":0.6450018539},
{"learn":[4.269726505],"iteration":361,"passed_time":0.3648470248,"remaining_time":0.6430176846},
{"learn":[4.265565857],"iteration":362,"passed_time":0.3652792531,"remaining_time":0.640999681},
{"learn":[4.262117173],"iteration":363,"passed_time":0.3657306809,"remaining_time":0.6390239369},
{"learn":[4.259185148],"iteration":364,"passed_time":0.3661762705,"remaining_time":0.6370463884},
{"learn":[4.257668507],"iteration":365,"passed_time":0.3666248244,"remaining_time":0.6350823461},
{"learn":[4.253432436],"iteration":366,"passed_time":0.3670852839,"remaining_time":0.6331470973},
{"learn":[4.250216667],"iteration":367,"passed_time":0.3675280961,"remaining_time":0.6311895564},
{"learn":[4.24514828],"iteration":368,"passed_time":0.3680017768,"remaining_time":0.6292930112},
{"learn":[4.244015772],"iteration":369,"passed_time":0.3684357013,"remaining_time":0.6273364644},
{"learn":[4.240329192],"iteration":370,"passed_time":0.3688970802,"remaining_time":0.6254346724},
{"learn":[4.236718014],"iteration":371,"passed_time":0.369341401,"remaining_time":0.6235118276},
{"learn":[4.233495944],"iteration":372,"passed_time":0.3698790892,"remaining_time":0.6217538577},
{"learn":[4.230357491],"iteration":373,"passed_time":0.3704325142,"remaining_time":0.6200287537},
{"learn":[4.227381215],"iteration":374,"passed_time":0.3709276976,"remaining_time":0.6182128293},
{"learn":[4.226169067],"iteration":375,"passed_time":0.3713756792,"remaining_time":0.6163255952},
{"learn":[4.225963861],"iteration":376,"passed_time":0.3718176141,"remaining_time":0.6144360042},
{"learn":[4.224346548],"iteration":377,"passed_time":0.3722733777,"remaining_time":0.6125768279},
{"learn":[4.222595381],"iteration":378,"passed_time":0.3726894442,"remaining_time":0.6106600129},
{"learn":[4.219700938],"iteration":379,"passed_time":0.3731837841,"remaining_time":0.6088788056},
{"learn":[4.216356207],"iteration":380,"passed_time":0.3736084708,"remaining_time":0.6069911902},
{"learn":[4.214326494],"iteration":381,"passed_time":0.3740291252,"remaining_time":0.6051047104},
{"learn":[4.212901398],"iteration":382,"passed_time":0.3744840246,"remaining_time":0.6032810527},
{"learn":[4.211331091],"iteration":383,"passed_time":0.3749148745,"remaining_time":0.6014259445},
{"learn":[4.208624791],"iteration":384,"passed_time":0.375367031,"remaining_time":0.5996122702},
{"learn":[4.204659106],"iteration":385,"passed_time":0.3758189706,"remaining_time":0.5978053056},
{"learn":[4.202968852],"iteration":386,"passed_time":0.3762842088,"remaining_time":0.5960264082},
{"learn":[4.197261935],"iteration":387,"passed_time":0.3767561793,"remaining_time":0.5942649014},
{"learn":[4.196934403],"iteration":388,"passed_time":0.3772303741,"remaining_time":0.5925135182},
{"learn":[4.192479929],"iteration":389,"passed_time":0.3778287043,"remaining_time":0.5909628452},
{"learn":[4.190243116],"iteration":390,"passed_time":0.3783299252,"remaining_time":0.5892657914},
{"learn":[4.185852431],"iteration":391,"passed_time":0.3788202081,"remaining_time":0.5875578738},
{"learn":[4.180967944],"iteration":392,"passed_time":0.3792674442,"remaining_time":0.5857896657},
{"learn":[4.178283162],"iteration":393,"passed_time":0.3797359738,"remaining_time":0.5840609141},
{"learn":[4.176341157],"iteration":394,"passed_time":0.3801924247,"remaining_time":0.5823200429},
{"learn":[4.176041504],"iteration":395,"passed_time":0.3806580146,"remaining_time":0.580599598},
{"learn":[4.175564513],"iteration":396,"passed_time":0.381094541,"remaining_time":0.5788413306},
{"learn":[4.170830274],"iteration":397,"passed_time":0.3815491217,"remaining_time":0.5771170132},
{"learn":[4.167804808],"iteration":398,"passed_time":0.3820231954,"remaining_time":0.5754284222},
{"learn":[4.165860548],"iteration":399,"passed_time":0.3824554344,"remaining_time":0.5736831516},
{"learn":[4.160950571],"iteration":400,"passed_time":0.382925894,"remaining_time":0.5720015225},
{"learn":[4.158544115],"iteration":401,"passed_time":0.3833609019,"remaining_time":0.5702731825},
{"learn":[4.154448767],"iteration":402,"passed_time":0.3838526015,"remaining_time":0.5686352435},
{"learn":[4.15197457],"iteration":403,"passed_time":0.3843381748,"remaining_time":0.566993941},
{"learn":[4.149562679],"iteration":404,"passed_time":0.3849522223,"remaining_time":0.565547092},
{"learn":[4.149327961],"iteration":405,"passed_time":0.3854273464,"remaining_time":0.5639010931},
{"learn":[4.147444889],"iteration":406,"passed_time":0.3859038474,"remaining_time":0.5622628538},
{"learn":[4.147254809],"iteration":407,"passed_time":0.3863526465,"remaining_time":0.5605901145},
{"learn":[4.144589165],"iteration":408,"passed_time":0.3868081741,"remaining_time":0.5589330829},
{"learn":[4.141691034],"iteration":409,"passed_time":0.3872849019,"remaining_time":0.5573124198},
{"learn":[4.138893468],"iteration":410,"passed_time":0.3877192356,"remaining_time":0.5556365687},
{"learn":[4.136964597],"iteration":411,"passed_time":0.3881726386,"remaining_time":0.55399396},
{"learn":[4.133773523],"iteration":412,"passed_time":0.3886119011,"remaining_time":0.552337012},
{"learn":[4.131363444],"iteration":413,"passed_time":0.3890601922,"remaining_time":0.5506987262},
{"learn":[4.130228592],"iteration":414,"passed_time":0.3894781251,"remaining_time":0.5490233812},
{"learn":[4.12884186],"iteration":415,"passed_time":0.3899081667,"remaining_time":0.5473710802},
{"learn":[4.12413494],"iteration":416,"passed_time":0.3903563782,"remaining_time":0.5457500443},
{"learn":[4.119422508],"iteration":417,"passed_time":0.390794437,"remaining_time":0.544120484},
{"learn":[4.117038244],"iteration":418,"passed_time":0.3912186886,"remaining_time":0.5424774655},
{"learn":[4.116067631],"iteration":419,"passed_time":0.3916228089,"remaining_time":0.5408124503},
{"learn":[4.110343455],"iteration":420,"passed_time":0.3920562722,"remaining_time":0.5391937805},
{"learn":[4.105604544],"iteration":421,"passed_time":0.3926072543,"remaining_time":0.5377416895},
{"learn":[4.103390131],"iteration":422,"passed_time":0.3931529374,"remaining_time":0.536286631},
{"learn":[4.096724402],"iteration":423,"passed_time":0.3936090466,"remaining_time":0.5347141765},
{"learn":[4.093431279],"iteration":424,"passed_time":0.3940287142,"remaining_time":0.5330976721},
{"learn":[4.091412744],"iteration":425,"passed_time":0.3945032039,"remaining_time":0.531560655},
{"learn":[4.091192901],"iteration":426,"passed_time":0.3949890131,"remaining_time":0.5300438045},
{"learn":[4.088994581],"iteration":427,"passed_time":0.395425381,"remaining_time":0.5284656961},
{"learn":[4.087845355],"iteration":428,"passed_time":0.3959002646,"remaining_time":0.526944175},
{"learn":[4.083650279],"iteration":429,"passed_time":0.3963571323,"remaining_time":0.5254036404},
{"learn":[4.079840652],"iteration":430,"passed_time":0.3968425929,"remaining_time":0.5239058825},
{"learn":[4.075707828],"iteration":431,"passed_time":0.3972719518,"remaining_time":0.5223390477},
{"learn":[4.071345409],"iteration":432,"passed_time":0.3977409503,"remaining_time":0.5208293738},
{"learn":[4.067460475],"iteration":433,"passed_time":0.3981703974,"remaining_time":0.5192729145},
{"learn":[4.064914749],"iteration":434,"passed_time":0.3986398763,"remaining_time":0.5177736324},
{"learn":[4.063823175],"iteration":435,"passed_time":0.3990637662,"remaining_time":0.5162201013},
{"learn":[4.058898471],"iteration":436,"passed_time":0.3995694508,"remaining_time":0.5147771186},
{"learn":[4.054120355],"iteration":437,"passed_time":0.4000727442,"remaining_time":0.5133353476},
{"learn":[4.052715901],"iteration":438,"passed_time":0.4005544582,"remaining_time":0.5118702758},
{"learn":[4.052114167],"iteration":439,"passed_time":0.4010007672,"remaining_time":0.5103646128},
{"learn":[4.051377267],"iteration":440,"passed_time":0.4014737928,"remaining_time":0.5088976195},
{"learn":[4.049275336],"iteration":441,"passed_time":0.4019126216,"remaining_time":0.5073919522},
{"learn":[4.047099198],"iteration":442,"passed_time":0.4023839371,"remaining_time":0.505931948},
{"learn":[4.044348685],"iteration":443,"passed_time":0.4028211999,"remaining_time":0.5044337548},
{"learn":[4.042822379],"iteration":444,"passed_time":0.4032749791,"remaining_time":0.502960929},
{"learn":[4.041258611],"iteration":445,"passed_time":0.4037342718,"remaining_time":0.5014995214},
{"learn":[4.040044254],"iteration":446,"passed_time":0.4042126177,"remaining_time":0.5000661691},
{"learn":[4.036860137],"iteration":447,"passed_time":0.4046548775,"remaining_time":0.4985926169},
{"learn":[4.036372284],"iteration":448,"passed_time":0.4051134637,"remaining_time":0.4971436937},
{"learn":[4.03368231],"iteration":449,"passed_time":0.4055351662,"remaining_time":0.495654092},
{"learn":[4.032439519],"iteration":450,"passed_time":0.4059588791,"remaining_time":0.4941716733},
{"learn":[4.032008634],"iteration":451,"passed_time":0.4064130192,"remaining_time":0.4927308286},
{"learn":[4.030034932],"iteration":452,"passed_time":0.4068578128,"remaining_time":0.4912830543},
{"learn":[4.028173412],"iteration":453,"passed_time":0.4072940504,"remaining_time":0.4898294086},
{"learn":[4.023806097],"iteration":454,"passed_time":0.407905914,"remaining_time":0.4885906002},
{"learn":[4.020239186],"iteration":455,"passed_time":0.4083747532,"remaining_time":0.4871839161},
{"learn":[4.017384838],"iteration":456,"passed_time":0.4088333532,"remaining_time":0.4857691702},
{"learn":[4.016468229],"iteration":457,"passed_time":0.4093007956,"remaining_time":0.4843690638},
{"learn":[4.014530169],"iteration":458,"passed_time":0.4097473736,"remaining_time":0.4829484294},
{"learn":[4.012884822],"iteration":459,"passed_time":0.4101618166,"remaining_time":0.4814943064},
{"learn":[4.008924707],"iteration":460,"passed_time":0.4105910077,"remaining_time":0.4800619374},
{"learn":[4.008286778],"iteration":461,"passed_time":0.4110022641,"remaining_time":0.4786130262},
{"learn":[4.006444202],"iteration":462,"passed_time":0.4114685933,"remaining_time":0.4772324722},
{"learn":[4.003284363],"iteration":463,"passed_time":0.4119061825,"remaining_time":0.4758226591},
{"learn":[3.999811484],"iteration":464,"passed_time":0.4123774428,"remaining_time":0.4744557675},
{"learn":[3.997483319],"iteration":465,"passed_time":0.4128576467,"remaining_time":0.4731029685},
{"learn":[3.99708333],"iteration":466,"passed_time":0.413311344,"remaining_time":0.4717236538},
{"learn":[3.995860263],"iteration":467,"passed_time":0.4137698995,"remaining_time":0.4703538174},
{"learn":[3.994131111],"iteration":468,"passed_time":0.4142953679,"remaining_time":0.4690636255},
{"learn":[3.993125499],"iteration":469,"passed_time":0.4147663501,"remaining_time":0.4677152459},
{"learn":[3.992954084],"iteration":470,"passed_time":0.4153111936,"remaining_time":0.4664535486},
{"learn":[3.990635743],"iteration":471,"passed_time":0.4158514186,"remaining_time":0.4651897224},
{"learn":[3.986678254],"iteration":472,"passed_time":0.4163749378,"remaining_time":0.463910343},
{"learn":[3.986393291],"iteration":473,"passed_time":0.4168740272,"remaining_time":0.4626070428},
{"learn":[3.986152671],"iteration":474,"passed_time":0.4174067739,"remaining_time":0.461344329},
{"learn":[3.985596662],"iteration":475,"passed_time":0.4179658586,"remaining_time":0.4601136763},
{"learn":[3.983853457],"iteration":476,"passed_time":0.4184318063,"remaining_time":0.4587837205},
{"learn":[3.983263928],"iteration":477,"passed_time":0.4189002647,"remaining_time":0.4574601217},
{"learn":[3.980067202],"iteration":478,"passed_time":0.4193720873,"remaining_time":0.4561437526},
{"learn":[3.978115407],"iteration":479,"passed_time":0.4198009574,"remaining_time":0.4547843706},
{"learn":[3.972661644],"iteration":480,"passed_time":0.4202514015,"remaining_time":0.4534521359},
{"learn":[3.969938254],"iteration":481,"passed_time":0.4207096345,"remaining_time":0.4521319309},
{"learn":[3.968211434],"iteration":482,"passed_time":0.4211821169,"remaining_time":0.4508305475},
{"learn":[3.966113368],"iteration":483,"passed_time":0.4216534883,"remaining_time":0.4495314049},
{"learn":[3.962246044],"iteration":484,"passed_time":0.4220758926,"remaining_time":0.4481836798},
{"learn":[3.961319703],"iteration":485,"passed_time":0.4225892673,"remaining_time":0.4469359741},
{"learn":[3.96078191],"iteration":486,"passed_time":0.4231322754,"remaining_time":0.4457224996},
{"learn":[3.958913633],"iteration":487,"passed_time":0.4236100743,"remaining_time":0.4444433566},
{"learn":[3.957428286],"iteration":488,"passed_time":0.424093588,"remaining_time":0.4431734631},
{"learn":[3.952641965],"iteration":489,"passed_time":0.4245660221,"remaining_time":0.4418952475},
{"learn":[3.951486786],"iteration":490,"passed_time":0.4250033715,"remaining_time":0.4405839431},
{"learn":[3.94938344],"iteration":491,"passed_time":0.4254554168,"remaining_time":0.4392913654},
{"learn":[3.947297924],"iteration":492,"passed_time":0.4259379055,"remaining_time":0.4380335052},
{"learn":[3.946284886],"iteration":493,"passed_time":0.4263812325,"remaining_time":0.4367386714},
{"learn":[3.943288204],"iteration":494,"passed_time":0.4268529656,"remaining_time":0.4354762578},
{"learn":[3.943076488],"iteration":495,"passed_time":0.4273193928,"remaining_time":0.4342116411},
{"learn":[3.942347078],"iteration":496,"passed_time":0.4277426844,"remaining_time":0.43290658},
{"learn":[3.940251541],"iteration":497,"passed_time":0.428189237,"remaining_time":0.431628508},
{"learn":[3.939011019],"iteration":498,"passed_time":0.4286740847,"remaining_time":0.4303922173},
{"learn":[3.938760512],"iteration":499,"passed_time":0.4291181642,"remaining_time":0.4291181642},
{"learn":[3.934522727],"iteration":500,"passed_time":0.4296767946,"remaining_time":0.427961518},
{"learn":[3.930091193],"iteration":501,"passed_time":0.430205453,"remaining_time":0.4267775211},
{"learn":[3.927671752],"iteration":502,"passed_time":0.4308290023,"remaining_time":0.4256898889},
{"learn":[3.927280041],"iteration":503,"passed_time":0.4313148689,"remaining_time":0.4244686012},
{"learn":[3.925987561],"iteration":504,"passed_time":0.4317732606,"remaining_time":0.423223295},
{"learn":[3.921645957],"iteration":505,"passed_time":0.4321964364,"remaining_time":0.4219467186},
{"learn":[3.920333743],"iteration":506,"passed_time":0.4326225805,"remaining_time":0.4206763948},
{"learn":[3.918659461],"iteration":507,"passed_time":0.4330881841,"remaining_time":0.4194476114},
{"learn":[3.916124385],"iteration":508,"passed_time":0.4335439393,"remaining_time":0.4182123265},
{"learn":[3.913849268],"iteration":509,"passed_time":0.4340095605,"remaining_time":0.4169895778},
{"learn":[3.912826119],"iteration":510,"passed_time":0.4344516073,"remaining_time":0.4157472328},
{"learn":[3.910034145],"iteration":511,"passed_time":0.4348651569,"remaining_time":0.4144808527},
{"learn":[3.90792379],"iteration":512,"passed_time":0.4353704768,"remaining_time":0.4133049166},
{"learn":[3.907823851],"iteration":513,"passed_time":0.4358065153,"remaining_time":0.4120660825},
{"learn":[3.904527401],"iteration":514,"passed_time":0.4362297302,"remaining_time":0.4108182896},
{"learn":[3.903378283],"iteration":515,"passed_time":0.4366822468,"remaining_time":0.4096011772},
{"learn":[3.902170135],"iteration":516,"passed_time":0.4371476068,"remaining_time":0.4083990214},
{"learn":[3.899435429],"iteration":517,"passed_time":0.4376087934,"remaining_time":0.4071958271},
{"learn":[3.897497505],"iteration":518,"passed_time":0.4382506849,"remaining_time":0.4061629662},
{"learn":[3.896426119],"iteration":519,"passed_time":0.4387740682,"remaining_time":0.4050222168},
{"learn":[3.896044669],"iteration":520,"passed_time":0.4392219693,"remaining_time":0.4038144401},
{"learn":[3.892795942],"iteration":521,"passed_time":0.4396786869,"remaining_time":0.4026176481},
{"learn":[3.892413888],"iteration":522,"passed_time":0.4401166231,"remaining_time":0.4014065568},
{"learn":[3.891738985],"iteration":523,"passed_time":0.4405739704,"remaining_time":0.4002160495},
{"learn":[3.88822057],"iteration":524,"passed_time":0.4410207621,"remaining_time":0.3990187848},
{"learn":[3.883837053],"iteration":525,"passed_time":0.4414766483,"remaining_time":0.397832569},
{"learn":[3.881769742],"iteration":526,"passed_time":0.4419269476,"remaining_time":0.3966441105},
{"learn":[3.880356898],"iteration":527,"passed_time":0.4423616651,"remaining_time":0.3954445188},
{"learn":[3.879250273],"iteration":528,"passed_time":0.4427898878,"remaining_time":0.3942420362},
{"learn":[3.877174493],"iteration":529,"passed_time":0.4432782438,"remaining_time":0.3930958011},
{"learn":[3.875854201],"iteration":530,"passed_time":0.4438260405,"remaining_time":0.3920045442},
{"learn":[3.873189396],"iteration":531,"passed_time":0.4443635141,"remaining_time":0.3909062493},
{"learn":[3.871583368],"iteration":532,"passed_time":0.4448736261,"remaining_time":0.3897860851},
{"learn":[3.869622679],"iteration":533,"passed_time":0.4454448953,"remaining_time":0.3887215753},
{"learn":[3.866860164],"iteration":534,"passed_time":0.4460303293,"remaining_time":0.3876712208},
{"learn":[3.864498444],"iteration":535,"passed_time":0.4465202138,"remaining_time":0.3865398866},
{"learn":[3.861416322],"iteration":536,"passed_time":0.4470071899,"remaining_time":0.3854084337},
{"learn":[3.860265769],"iteration":537,"passed_time":0.4474758092,"remaining_time":0.3842636131},
{"learn":[3.859328725],"iteration":538,"passed_time":0.4479142389,"remaining_time":0.3830954807},
{"learn":[3.858521278],"iteration":539,"passed_time":0.4483760974,"remaining_time":0.3819500089},
{"learn":[3.85599111],"iteration":540,"passed_time":0.448826923,"remaining_time":0.3807977037},
{"learn":[3.852379816],"iteration":541,"passed_time":0.4492919291,"remaining_time":0.3796599696},
{"learn":[3.851327537],"iteration":542,"passed_time":0.4497514876,"remaining_time":0.3785201286},
{"learn":[3.847854898],"iteration":543,"passed_time":0.4502160216,"remaining_time":0.3773869593},
{"learn":[3.847083414],"iteration":544,"passed_time":0.4506766114,"remaining_time":0.3762529508},
{"learn":[3.845397429],"iteration":545,"passed_time":0.4511027056,"remaining_time":0.3750927259},
{"learn":[3.841933528],"iteration":546,"passed_time":0.4515520065,"remaining_time":0.373954404},
{"learn":[3.840996474],"iteration":547,"passed_time":0.4519849588,"remaining_time":0.372805112},
{"learn":[3.838355966],"iteration":548,"passed_time":0.4524129294,"remaining_time":0.3716543373},
{"learn":[3.83342799],"iteration":549,"passed_time":0.4529081856,"remaining_time":0.3705612428},
{"learn":[3.828161535],"iteration":550,"passed_time":0.4534165334,"remaining_time":0.3694809864},
{"learn":[3.823502399],"iteration":551,"passed_time":0.4538904225,"remaining_time":0.3683748356},
{"learn":[3.820068862],"iteration":552,"passed_time":0.4543482456,"remaining_time":0.3672579851},
{"learn":[3.817951642],"iteration":553,"passed_time":0.4548025818,"remaining_time":0.3661407067},
{"learn":[3.815785958],"iteration":554,"passed_time":0.4552468605,"remaining_time":0.365017753},
{"learn":[3.81503012],"iteration":555,"passed_time":0.4557022655,"remaining_time":0.3639061257},
{"learn":[3.813529315],"iteration":556,"passed_time":0.4561370758,"remaining_time":0.362780475},
{"learn":[3.808881326],"iteration":557,"passed_time":0.456565408,"remaining_time":0.3616521691},
{"learn":[3.808740434],"iteration":558,"passed_time":0.4570435999,"remaining_time":0.3605657023},
{"learn":[3.80714352],"iteration":559,"passed_time":0.4574658027,"remaining_time":0.3594374164},
{"learn":[3.80573346],"iteration":560,"passed_time":0.4579583041,"remaining_time":0.3583666587},
{"learn":[3.803370052],"iteration":561,"passed_time":0.4585491097,"remaining_time":0.3573745731},
{"learn":[3.803215211],"iteration":562,"passed_time":0.4591210574,"remaining_time":0.3563692755},
{"learn":[3.801309667],"iteration":563,"passed_time":0.4597204515,"remaining_time":0.355386732},
{"learn":[3.800003847],"iteration":564,"passed_time":0.4602351624,"remaining_time":0.3543403463},
{"learn":[3.798026138],"iteration":565,"passed_time":0.4608043741,"remaining_time":0.3533376296},
{"learn":[3.794745847],"iteration":566,"passed_time":0.4614001606,"remaining_time":0.3523567364},
{"learn":[3.794312041],"iteration":567,"passed_time":0.4619195046,"remaining_time":0.3513190598},
{"learn":[3.792205926],"iteration":568,"passed_time":0.4623813593,"remaining_time":0.3502396588},
{"learn":[3.788991061],"iteration":569,"passed_time":0.4628318907,"remaining_time":0.3491538825},
{"learn":[3.787391572],"iteration":570,"passed_time":0.4633189212,"remaining_time":0.3480977534},
{"learn":[3.7826445],"iteration":571,"passed_time":0.4637596234,"remaining_time":0.347008949},
{"learn":[3.781700331],"iteration":572,"passed_time":0.4642288487,"remaining_time":0.3459436621},
{"learn":[3.780045374],"iteration":573,"passed_time":0.4646644313,"remaining_time":0.3448554838},
{"learn":[3.775462644],"iteration":574,"passed_time":0.4651162246,"remaining_time":0.3437815573},
{"learn":[3.773711943],"iteration":575,"passed_time":0.4655514731,"remaining_time":0.3426976121},
{"learn":[3.772415806],"iteration":576,"passed_time":0.465997897,"remaining_time":0.3416241082},
{"learn":[3.770170875],"iteration":577,"passed_time":0.4664667998,"remaining_time":0.340569186},
{"learn":[3.765166479],"iteration":578,"passed_time":0.4669079847,"remaining_time":0.3394961339},
{"learn":[3.763976102],"iteration":579,"passed_time":0.4673804555,"remaining_time":0.3384479161},
{"learn":[3.760761708],"iteration":580,"passed_time":0.4678044405,"remaining_time":0.3373667135},
{"learn":[3.758155662],"iteration":581,"passed_time":0.4683676434,"remaining_time":0.3363877577},
{"learn":[3.756844548],"iteration":582,"passed_time":0.4688762242,"remaining_time":0.3353711586},
{"learn":[3.753098923],"iteration":583,"passed_time":0.4693664657,"remaining_time":0.3343432359},
{"learn":[3.751618946],"iteration":584,"passed_time":0.469840911,"remaining_time":0.3333059454},
{"learn":[3.751398464],"iteration":585,"passed_time":0.470279677,"remaining_time":0.3322453691},
{"learn":[3.749920103],"iteration":586,"passed_time":0.4707052687,"remaining_time":0.3311776422},
{"learn":[3.748237465],"iteration":587,"passed_time":0.4712048713,"remaining_time":0.3301639575},
{"learn":[3.746021536],"iteration":588,"passed_time":0.4716645678,"remaining_time":0.3291241721},
{"learn":[3.74417648],"iteration":589,"passed_time":0.4720834837,"remaining_time":0.3280580141},
{"learn":[3.738788389],"iteration":590,"passed_time":0.4726062138,"remaining_time":0.3270658908},
{"learn":[3.736021611],"iteration":591,"passed_time":0.4730698139,"remaining_time":0.3260346014},
{"learn":[3.734546151],"iteration":592,"passed_time":0.4735073992,"remaining_time":0.3249873718},
{"learn":[3.733527479],"iteration":593,"passed_time":0.4739591144,"remaining_time":0.3239518526},
{"learn":[3.733026392],"iteration":594,"passed_time":0.4743747549,"remaining_time":0.3228937407},
{"learn":[3.730314752],"iteration":595,"passed_time":0.4748319275,"remaining_time":0.3218659374},
{"learn":[3.727342596],"iteration":596,"passed_time":0.475288642,"remaining_time":0.3208397365},
{"learn":[3.725459604],"iteration":597,"passed_time":0.4759005477,"remaining_time":0.3199197662},
{"learn":[3.723158842],"iteration":598,"passed_time":0.4764061629,"remaining_time":0.3189296683},
{"learn":[3.722362756],"iteration":599,"passed_time":0.4768674331,"remaining_time":0.317911622},
{"learn":[3.721443615],"iteration":600,"passed_time":0.4773204676,"remaining_time":0.316889961},
{"learn":[3.720743486],"iteration":601,"passed_time":0.4777659568,"remaining_time":0.3158652007},
{"learn":[3.720215334],"iteration":602,"passed_time":0.4782052576,"remaining_time":0.3148382873},
{"learn":[3.719436563],"iteration":603,"passed_time":0.4786638339,"remaining_time":0.3138259573},
{"learn":[3.715046574],"iteration":604,"passed_time":0.4790953457,"remaining_time":0.3127977877},
{"learn":[3.71443396],"iteration":605,"passed_time":0.4795436522,"remaining_time":0.3117825065},
{"learn":[3.712938941],"iteration":606,"passed_time":0.4799679221,"remaining_time":0.3107535311},
{"learn":[3.712814764],"iteration":607,"passed_time":0.4804438308,"remaining_time":0.3097598383},
{"learn":[3.71235348],"iteration":608,"passed_time":0.4809268887,"remaining_time":0.3087724359},
{"learn":[3.711223749],"iteration":609,"passed_time":0.4814142763,"remaining_time":0.3077894553},
{"learn":[3.710755648],"iteration":610,"passed_time":0.4818437187,"remaining_time":0.3067712055},
{"learn":[3.708668039],"iteration":611,"passed_time":0.4823156448,"remaining_time":0.305781814},
{"learn":[3.705623591],"iteration":612,"passed_time":0.4827592913,"remaining_time":0.3047762573},
{"learn":[3.704045802],"iteration":613,"passed_time":0.4832689432,"remaining_time":0.3038140262},
{"learn":[3.699915209],"iteration":614,"passed_time":0.4838548725,"remaining_time":0.3029010177},
{"learn":[3.696182221],"iteration":615,"passed_time":0.4843425558,"remaining_time":0.301927827},
{"learn":[3.694263278],"iteration":616,"passed_time":0.4847996962,"remaining_time":0.3009372506},
{"learn":[3.693810229],"iteration":617,"passed_time":0.4852608246,"remaining_time":0.2999508657},
{"learn":[3.690900932],"iteration":618,"passed_time":0.4857276403,"remaining_time":0.2989696785},
{"learn":[3.688020895],"iteration":619,"passed_time":0.4862182749,"remaining_time":0.2980047491},
{"learn":[3.685491894],"iteration":620,"passed_time":0.4866807656,"remaining_time":0.2970241709},
{"learn":[3.684328128],"iteration":621,"passed_time":0.487246297,"remaining_time":0.2961078782},
{"learn":[3.680640153],"iteration":622,"passed_time":0.4877429529,"remaining_time":0.2951510325},
{"learn":[3.678932783],"iteration":623,"passed_time":0.488201828,"remaining_time":0.2941728964},
{"learn":[3.674167041],"iteration":624,"passed_time":0.4886498287,"remaining_time":0.2931898972},
{"learn":[3.672200976],"iteration":625,"passed_time":0.4891317343,"remaining_time":0.2922288636},
{"learn":[3.670606604],"iteration":626,"passed_time":0.4896201692,"remaining_time":0.2912732426},
{"learn":[3.665506042],"iteration":627,"passed_time":0.4900612146,"remaining_time":0.2902910379},
{"learn":[3.664214007],"iteration":628,"passed_time":0.4905369992,"remaining_time":0.289331044},
{"learn":[3.66261643],"iteration":629,"passed_time":0.4910304441,"remaining_time":0.2883829592},
{"learn":[3.662118449],"iteration":630,"passed_time":0.4914915878,"remaining_time":0.2874174262},
{"learn":[3.660871366],"iteration":631,"passed_time":0.4919605266,"remaining_time":0.2864580282},
{"learn":[3.656695243],"iteration":632,"passed_time":0.4924095816,"remaining_time":0.2854886516},
{"learn":[3.654497801],"iteration":633,"passed_time":0.492892307,"remaining_time":0.2845403539},
{"learn":[3.654189134],"iteration":634,"passed_time":0.4933078379,"remaining_time":0.283554899},
{"learn":[3.653957699],"iteration":635,"passed_time":0.4937962912,"remaining_time":0.2826129717},
{"learn":[3.651920725],"iteration":636,"passed_time":0.4942894711,"remaining_time":0.2816751617},
{"learn":[3.65106705],"iteration":637,"passed_time":0.4947372473,"remaining_time":0.2807129836},
{"learn":[3.650612844],"iteration":638,"passed_time":0.4951717526,"remaining_time":0.2797449181},
{"learn":[3.649884732],"iteration":639,"passed_time":0.4956255579,"remaining_time":0.2787893763},
{"learn":[3.646276182],"iteration":640,"passed_time":0.4960600172,"remaining_time":0.277824565},
{"learn":[3.645808194],"iteration":641,"passed_time":0.4965031282,"remaining_time":0.2768662304},
{"learn":[3.645042989],"iteration":642,"passed_time":0.4969591217,"remaining_time":0.2759166508},
{"learn":[3.639864499],"iteration":643,"passed_time":0.4973987436,"remaining_time":0.2749595539},
{"learn":[3.637318478],"iteration":644,"passed_time":0.4978489294,"remaining_time":0.2740098759},
{"learn":[3.636344905],"iteration":645,"passed_time":0.4982921592,"remaining_time":0.2730579324},
{"learn":[3.634754643],"iteration":646,"passed_time":0.4987559133,"remaining_time":0.2721187595},
{"learn":[3.630724975],"iteration":647,"passed_time":0.4992155783,"remaining_time":0.2711788326},
{"learn":[3.629408252],"iteration":648,"passed_time":0.4996585667,"remaining_time":0.2702313666},
{"learn":[3.62790646],"iteration":649,"passed_time":0.5000857282,"remaining_time":0.2692769306},
{"learn":[3.627388973],"iteration":650,"passed_time":0.5005436295,"remaining_time":0.268340594},
{"learn":[3.625163557],"iteration":651,"passed_time":0.5009660077,"remaining_time":0.2673867649},
{"learn":[3.623701985],"iteration":652,"passed_time":0.5014262366,"remaining_time":0.2664546771},
{"learn":[3.622342639],"iteration":653,"passed_time":0.5019449478,"remaining_time":0.2655549724},
{"learn":[3.621130639],"iteration":654,"passed_time":0.5023753272,"remaining_time":0.2646099052},
{"learn":[3.619125665],"iteration":655,"passed_time":0.5028266769,"remaining_time":0.2636774037},
{"learn":[3.618878783],"iteration":656,"passed_time":0.5032663892,"remaining_time":0.2627402914},
{"learn":[3.616207429],"iteration":657,"passed_time":0.5037543406,"remaining_time":0.2618297637},
{"learn":[3.61206486],"iteration":658,"passed_time":0.5042346471,"remaining_time":0.2609165625},
{"learn":[3.611955873],"iteration":659,"passed_time":0.5046826563,"remaining_time":0.2599880351},
{"learn":[3.610713743],"iteration":660,"passed_time":0.5051391723,"remaining_time":0.2590653244},
{"learn":[3.610044025],"iteration":661,"passed_time":0.5055985171,"remaining_time":0.2581454664},
{"learn":[3.607342669],"iteration":662,"passed_time":0.5062374358,"remaining_time":0.2573182743},
{"learn":[3.602510618],"iteration":663,"passed_time":0.5067444149,"remaining_time":0.2564248846},
{"learn":[3.600492392],"iteration":664,"passed_time":0.5072926031,"remaining_time":0.2555534166},
{"learn":[3.597171065],"iteration":665,"passed_time":0.5078195154,"remaining_time":0.2546722494},
{"learn":[3.594358798],"iteration":666,"passed_time":0.5083705767,"remaining_time":0.253804201},
{"learn":[3.593945251],"iteration":667,"passed_time":0.5089104458,"remaining_time":0.2529315389},
{"learn":[3.593607748],"iteration":668,"passed_time":0.5093851846,"remaining_time":0.2520276474},
{"learn":[3.592238714],"iteration":669,"passed_time":0.5098403965,"remaining_time":0.2511154192},
{"learn":[3.590144654],"iteration":670,"passed_time":0.5102985874,"remaining_time":0.2502060138},
{"learn":[3.587151536],"iteration":671,"passed_time":0.5107458128,"remaining_time":0.2492925991},
{"learn":[3.586070865],"iteration":672,"passed_time":0.5111734394,"remaining_time":0.2483710471},
{"learn":[3.585102746],"iteration":673,"passed_time":0.5116623164,"remaining_time":0.2474805862},
{"learn":[3.584362847],"iteration":674,"passed_time":0.5120737291,"remaining_time":0.2465540177},
{"learn":[3.581407561],"iteration":675,"passed_time":0.5125279979,"remaining_time":0.2456495138},
{"learn":[3.57919422],"iteration":676,"passed_time":0.5130163892,"remaining_time":0.2447626199},
{"learn":[3.577632204],"iteration":677,"passed_time":0.5135947846,"remaining_time":0.243919647},
{"learn":[3.573911195],"iteration":678,"passed_time":0.5141965136,"remaining_time":0.2430884843},
{"learn":[3.573408216],"iteration":679,"passed_time":0.5146561188,"remaining_time":0.2421911148},
{"learn":[3.571076482],"iteration":680,"passed_time":0.5150842672,"remaining_time":0.2412802955},
{"learn":[3.568177107],"iteration":681,"passed_time":0.5155444072,"remaining_time":0.2403858086},
{"learn":[3.564824621],"iteration":682,"passed_time":0.516051926,"remaining_time":0.2395145835},
{"learn":[3.562475026],"iteration":683,"passed_time":0.5165788038,"remaining_time":0.2386533655},
{"learn":[3.561226889],"iteration":684,"passed_time":0.5171354656,"remaining_time":0.2378068199},
{"learn":[3.559383467],"iteration":685,"passed_time":0.5176041845,"remaining_time":0.2369208658},
{"learn":[3.555209766],"iteration":686,"passed_time":0.5180658691,"remaining_time":0.2360329214},
{"learn":[3.55345383],"iteration":687,"passed_time":0.5185190178,"remaining_time":0.2351423453},
{"learn":[3.552300968],"iteration":688,"passed_time":0.5189397373,"remaining_time":0.234238401},
{"learn":[3.551253986],"iteration":689,"passed_time":0.5193960733,"remaining_time":0.233351859},
{"learn":[3.549807725],"iteration":690,"passed_time":0.5198620837,"remaining_time":0.2324708884},
{"learn":[3.547992926],"iteration":691,"passed_time":0.5203409238,"remaining_time":0.2315968274},
{"learn":[3.545438607],"iteration":692,"passed_time":0.5207773047,"remaining_time":0.2307050975},
{"learn":[3.543313763],"iteration":693,"passed_time":0.5213656298,"remaining_time":0.2298816754},
{"learn":[3.542962896],"iteration":694,"passed_time":0.521920393,"remaining_time":0.2290442012},
{"learn":[3.539800465],"iteration":695,"passed_time":0.5223994882,"remaining_time":0.2281744891},
{"learn":[3.53953187],"iteration":696,"passed_time":0.5228281966,"remaining_time":0.2272839937},
{"learn":[3.536332425],"iteration":697,"passed_time":0.5232925437,"remaining_time":0.226410241},
{"learn":[3.534993327],"iteration":698,"passed_time":0.5237289944,"remaining_time":0.2255256471},
{"learn":[3.531637011],"iteration":699,"passed_time":0.5241757209,"remaining_time":0.2246467375},
{"learn":[3.531040284],"iteration":700,"passed_time":0.5246055725,"remaining_time":0.2237618633},
{"learn":[3.529973872],"iteration":701,"passed_time":0.5250672518,"remaining_time":0.2228917963},
{"learn":[3.527325183],"iteration":702,"passed_time":0.5255461478,"remaining_time":0.2220301649},
{"learn":[3.527200815],"iteration":703,"passed_time":0.5260159677,"remaining_time":0.2211658046},
{"learn":[3.523459911],"iteration":704,"passed_time":0.5264909639,"remaining_time":0.2203047296},
{"learn":[3.522729934],"iteration":705,"passed_time":0.5269694354,"remaining_time":0.2194461955},
{"learn":[3.522260582],"iteration":706,"passed_time":0.5274231204,"remaining_time":0.2185784643},
{"learn":[3.518641591],"iteration":707,"passed_time":0.5278897607,"remaining_time":0.2177172459},
{"learn":[3.516856405],"iteration":708,"passed_time":0.5283254605,"remaining_time":0.2168444415},
{"learn":[3.515083413],"iteration":709,"passed_time":0.5289164185,"remaining_time":0.2160362836},
{"learn":[3.514671214],"iteration":710,"passed_time":0.5294760185,"remaining_time":0.2152159907},
{"learn":[3.512617621],"iteration":711,"passed_time":0.5299720938,"remaining_time":0.2143707346},
{"learn":[3.510747971],"iteration":712,"passed_time":0.5305250369,"remaining_time":0.2135493486},
{"learn":[3.508149266],"iteration":713,"passed_time":0.5310782474,"remaining_time":0.2127288218},
{"learn":[3.504557165],"iteration":714,"passed_time":0.5316333583,"remaining_time":0.2119098002},
{"learn":[3.501367208],"iteration":715,"passed_time":0.5321884759,"remaining_time":0.2110915184},
{"learn":[3.497593362],"iteration":716,"passed_time":0.5327510421,"remaining_time":0.2102769106},
{"learn":[3.496291169],"iteration":717,"passed_time":0.5333348598,"remaining_time":0.2094713516},
{"learn":[3.49330374],"iteration":718,"passed_time":0.5338364706,"remaining_time":0.2086342813},
{"learn":[3.490044385],"iteration":719,"passed_time":0.5343940575,"remaining_time":0.2078199113},
{"learn":[3.488891789],"iteration":720,"passed_time":0.5349070327,"remaining_time":0.2069889905},
{"learn":[3.486869081],"iteration":721,"passed_time":0.5353966184,"remaining_time":0.2061499445},
{"learn":[3.486303638],"iteration":722,"passed_time":0.5359004492,"remaining_time":0.2053173229},
{"learn":[3.486035862],"iteration":723,"passed_time":0.5364075045,"remaining_time":0.2044868387},
{"learn":[3.482668951],"iteration":724,"passed_time":0.5369299615,"remaining_time":0.2036630888},
{"learn":[3.47820549],"iteration":725,"passed_time":0.5374168916,"remaining_time":0.2028267607},
{"learn":[3.474392283],"iteration":726,"passed_time":0.5380445974,"remaining_time":0.2020442573},
{"learn":[3.472268163],"iteration":727,"passed_time":0.5385668842,"remaining_time":0.2012227919},
{"learn":[3.471209164],"iteration":728,"passed_time":0.5390485791,"remaining_time":0.2003870575},
{"learn":[3.470049971],"iteration":729,"passed_time":0.5395999653,"remaining_time":0.1995780694},
{"learn":[3.469078654],"iteration":730,"passed_time":0.5401658825,"remaining_time":0.1987751332},
{"learn":[3.468643292],"iteration":731,"passed_time":0.5407043613,"remaining_time":0.197962799},
{"learn":[3.468134848],"iteration":732,"passed_time":0.5412426666,"remaining_time":0.1971511487},
{"learn":[3.467820182],"iteration":733,"passed_time":0.5417324362,"remaining_time":0.196322654},
{"learn":[3.465776156],"iteration":734,"passed_time":0.5422094988,"remaining_time":0.1954904996},
{"learn":[3.463037608],"iteration":735,"passed_time":0.5426990914,"remaining_time":0.1946638045},
{"learn":[3.45965637],"iteration":736,"passed_time":0.5431676302,"remaining_time":0.1938305112},
{"learn":[3.457275091],"iteration":737,"passed_time":0.5436932009,"remaining_time":0.1930184534},
{"learn":[3.455522955],"iteration":738,"passed_time":0.5443034183,"remaining_time":0.1922370666},
{"learn":[3.451270508],"iteration":739,"passed_time":0.544864219,"remaining_time":0.1914387796},
{"learn":[3.450978947],"iteration":740,"passed_time":0.5454201793,"remaining_time":0.1906394419},
{"learn":[3.450608492],"iteration":741,"passed_time":0.5458826561,"remaining_time":0.1898082551},
{"learn":[3.448122004],"iteration":742,"passed_time":0.5464791249,"remaining_time":0.1890244079},
{"learn":[3.445646714],"iteration":743,"passed_time":0.546980291,"remaining_time":0.1882082722},
{"learn":[3.44411263],"iteration":744,"passed_time":0.5474450196,"remaining_time":0.1873805101},
{"learn":[3.443264164],"iteration":745,"passed_time":0.547933345,"remaining_time":0.1865617555},
{"learn":[3.439521363],"iteration":746,"passed_time":0.5483980407,"remaining_time":0.1857358826},
{"learn":[3.436809225],"iteration":747,"passed_time":0.548868154,"remaining_time":0.1849128006},
{"learn":[3.435509465],"iteration":748,"passed_time":0.5495245114,"remaining_time":0.1841530739},
{"learn":[3.434450277],"iteration":749,"passed_time":0.5501132107,"remaining_time":0.1833710702},
{"learn":[3.431786753],"iteration":750,"passed_time":0.550663173,"remaining_time":0.1825767378},
{"learn":[3.430150302],"iteration":751,"passed_time":0.5512595254,"remaining_time":0.1817983541},
{"learn":[3.42696281],"iteration":752,"passed_time":0.5518886444,"remaining_time":0.1810312021},
{"learn":[3.426870334],"iteration":753,"passed_time":0.552376228,"remaining_time":0.1802182389},
{"learn":[3.425200309],"iteration":754,"passed_time":0.5528400741,"remaining_time":0.1793984346},
{"learn":[3.423383783],"iteration":755,"passed_time":0.5533123067,"remaining_time":0.1785822789},
{"learn":[3.422752979],"iteration":756,"passed_time":0.5537458918,"remaining_time":0.1777546258},
{"learn":[3.420845924],"iteration":757,"passed_time":0.5542220388,"remaining_time":0.1769416008},
{"learn":[3.418917862],"iteration":758,"passed_time":0.5546922011,"remaining_time":0.1761275632},
{"learn":[3.417095735],"iteration":759,"passed_time":0.5551814988,"remaining_time":0.1753204733},
{"learn":[3.414391848],"iteration":760,"passed_time":0.5556494768,"remaining_time":0.1745075229},
{"learn":[3.41426711],"iteration":761,"passed_time":0.5560677644,"remaining_time":0.1736799579},
{"learn":[3.411976013],"iteration":762,"passed_time":0.5565023027,"remaining_time":0.1728585134},
{"learn":[3.408614844],"iteration":763,"passed_time":0.5569546208,"remaining_time":0.172043574},
{"learn":[3.407906721],"iteration":764,"passed_time":0.5573921602,"remaining_time":0.1712250427},
{"learn":[3.407494015],"iteration":765,"passed_time":0.5578226707,"remaining_time":0.1704053589},
{"learn":[3.406287128],"iteration":766,"passed_time":0.5583351428,"remaining_time":0.1696115884},
{"learn":[3.404600442],"iteration":767,"passed_time":0.5588203498,"remaining_time":0.168810314},
{"learn":[3.404012662],"iteration":768,"passed_time":0.5593143885,"remaining_time":0.1680125146},
{"learn":[3.400398762],"iteration":769,"passed_time":0.5597564529,"remaining_time":0.1671999795},
{"learn":[3.399737714],"iteration":770,"passed_time":0.5602262598,"remaining_time":0.1663966453},
{"learn":[3.399185251],"iteration":771,"passed_time":0.5606804612,"remaining_time":0.1655895663},
{"learn":[3.397245411],"iteration":772,"passed_time":0.5611505577,"remaining_time":0.164788068},
{"learn":[3.396229831],"iteration":773,"passed_time":0.5615992878,"remaining_time":0.1639811874},
{"learn":[3.394002836],"iteration":774,"passed_time":0.5620239233,"remaining_time":0.1631682358},
{"learn":[3.389617243],"iteration":775,"passed_time":0.5624792318,"remaining_time":0.1623651391},
{"learn":[3.385426488],"iteration":776,"passed_time":0.562933509,"remaining_time":0.1615626416},
{"learn":[3.385072258],"iteration":777,"passed_time":0.5633847193,"remaining_time":0.1607601641},
{"learn":[3.383842366],"iteration":778,"passed_time":0.5638291841,"remaining_time":0.1599566748},
{"learn":[3.380110746],"iteration":779,"passed_time":0.5642611833,"remaining_time":0.1591505902},
{"learn":[3.378595218],"iteration":780,"passed_time":0.5646879778,"remaining_time":0.158344004},
{"learn":[3.377371219],"iteration":781,"passed_time":0.5651211147,"remaining_time":0.1575401573},
{"learn":[3.375814782],"iteration":782,"passed_time":0.5655626857,"remaining_time":0.1567395949},
{"learn":[3.374195887],"iteration":783,"passed_time":0.5660176219,"remaining_time":0.1559436305},
{"learn":[3.373704309],"iteration":784,"passed_time":0.566556937,"remaining_time":0.1551716452},
{"learn":[3.372971757],"iteration":785,"passed_time":0.5670885359,"remaining_time":0.154398151},
{"learn":[3.371565136],"iteration":786,"passed_time":0.5675453286,"remaining_time":0.1536050254},
{"learn":[3.3700309],"iteration":787,"passed_time":0.5679958017,"remaining_time":0.1528110533},
{"learn":[3.368186663],"iteration":788,"passed_time":0.5684619156,"remaining_time":0.1520221346},
{"learn":[3.366710398],"iteration":789,"passed_time":0.5689144667,"remaining_time":0.1512304279},
{"learn":[3.364598042],"iteration":790,"passed_time":0.5693804503,"remaining_time":0.1504431278},
{"learn":[3.36348442],"iteration":791,"passed_time":0.5698073851,"remaining_time":0.149646384},
{"learn":[3.362001759],"iteration":792,"passed_time":0.5703003404,"remaining_time":0.1488678064},
{"learn":[3.361580401],"iteration":793,"passed_time":0.5707481764,"remaining_time":0.1480782422},
{"learn":[3.359543675],"iteration":794,"passed_time":0.5711832012,"remaining_time":0.1472862343},
{"learn":[3.35766119],"iteration":795,"passed_time":0.5716193101,"remaining_time":0.1464954011},
{"learn":[3.354592969],"iteration":796,"passed_time":0.5720673928,"remaining_time":0.1457085078},
{"learn":[3.350985986],"iteration":797,"passed_time":0.5725551428,"remaining_time":0.1449325048},
{"learn":[3.349589624],"iteration":798,"passed_time":0.5730577803,"remaining_time":0.1441609685},
{"learn":[3.349110856],"iteration":799,"passed_time":0.5736743808,"remaining_time":0.1434185952},
{"learn":[3.345315441],"iteration":800,"passed_time":0.5742327664,"remaining_time":0.142662073},
{"learn":[3.34397474],"iteration":801,"passed_time":0.5746722932,"remaining_time":0.1418767008},
{"learn":[3.343800902],"iteration":802,"passed_time":0.5751162692,"remaining_time":0.1410932815},
{"learn":[3.342329465],"iteration":803,"passed_time":0.5755910133,"remaining_time":0.1403182072},
{"learn":[3.34220347],"iteration":804,"passed_time":0.576019898,"remaining_time":0.1395327703},
{"learn":[3.341279219],"iteration":805,"passed_time":0.5764775012,"remaining_time":0.1387551306},
{"learn":[3.337329521],"iteration":806,"passed_time":0.5769280433,"remaining_time":0.1379765952},
{"learn":[3.336708453],"iteration":807,"passed_time":0.5773423231,"remaining_time":0.137190255},
{"learn":[3.333252703],"iteration":808,"passed_time":0.5778216903,"remaining_time":0.1364202013},
{"learn":[3.332186769],"iteration":809,"passed_time":0.5782782845,"remaining_time":0.1356455235},
{"learn":[3.330594851],"iteration":810,"passed_time":0.5787180151,"remaining_time":0.1348677002},
{"learn":[3.327867442],"iteration":811,"passed_time":0.5791505667,"remaining_time":0.1340890475},
{"learn":[3.327563111],"iteration":812,"passed_time":0.5796083071,"remaining_time":0.1333170399},
{"learn":[3.326308994],"iteration":813,"passed_time":0.5800871165,"remaining_time":0.1325506188},
{"learn":[3.326249879],"iteration":814,"passed_time":0.5805230216,"remaining_time":0.1317751644},
{"learn":[3.322336238],"iteration":815,"passed_time":0.5809864041,"remaining_time":0.1310067382},
{"learn":[3.320491154],"iteration":816,"passed_time":0.5815451732,"remaining_time":0.1302604244},
{"learn":[3.320434271],"iteration":817,"passed_time":0.582049363,"remaining_time":0.1295024255},
{"learn":[3.319609638],"iteration":818,"passed_time":0.5825146732,"remaining_time":0.128736454},
{"learn":[3.316182682],"iteration":819,"passed_time":0.5829726748,"remaining_time":0.1279696115},
{"learn":[3.313126612],"iteration":820,"passed_time":0.5834159781,"remaining_time":0.1272003168},
{"learn":[3.311222803],"iteration":821,"passed_time":0.5838613624,"remaining_time":0.1264322658},
{"learn":[3.309627335],"iteration":822,"passed_time":0.5843211546,"remaining_time":0.1256680976},
{"learn":[3.307974895],"iteration":823,"passed_time":0.5847782015,"remaining_time":0.1249040819},
{"learn":[3.307321505],"iteration":824,"passed_time":0.5852212512,"remaining_time":0.1241378412},
{"learn":[3.306759087],"iteration":825,"passed_time":0.5856755093,"remaining_time":0.1233747441},
{"learn":[3.30484037],"iteration":826,"passed_time":0.5861273532,"remaining_time":0.1226118889},
{"learn":[3.30201994],"iteration":827,"passed_time":0.5865628423,"remaining_time":0.1218463875},
{"learn":[3.299302297],"iteration":828,"passed_time":0.5870006996,"remaining_time":0.1210821708},
{"learn":[3.298132671],"iteration":829,"passed_time":0.5874849995,"remaining_time":0.1203282529},
{"learn":[3.296976183],"iteration":830,"passed_time":0.587971237,"remaining_time":0.1195753779},
{"learn":[3.293144745],"iteration":831,"passed_time":0.5883975641,"remaining_time":0.1188110466},
{"learn":[3.290284404],"iteration":832,"passed_time":0.5889179379,"remaining_time":0.1180663813},
{"learn":[3.288285745],"iteration":833,"passed_time":0.5895529288,"remaining_time":0.1173450674},
{"learn":[3.286662667],"iteration":834,"passed_time":0.5900243891,"remaining_time":0.1165916458},
{"learn":[3.285692682],"iteration":835,"passed_time":0.5904926912,"remaining_time":0.1158382791},
{"learn":[3.284565611],"iteration":836,"passed_time":0.5909642227,"remaining_time":0.1150862226},
{"learn":[3.283897383],"iteration":837,"passed_time":0.591402336,"remaining_time":0.1143283752},
{"learn":[3.280712855],"iteration":838,"passed_time":0.5918645669,"remaining_time":0.1135759181},
{"learn":[3.280468341],"iteration":839,"passed_time":0.5923086977,"remaining_time":0.1128207043},
{"learn":[3.277814895],"iteration":840,"passed_time":0.592758466,"remaining_time":0.1120672962},
{"learn":[3.276316385],"iteration":841,"passed_time":0.5932185401,"remaining_time":0.1113165432},
{"learn":[3.27557063],"iteration":842,"passed_time":0.5936814575,"remaining_time":0.1105670093},
{"learn":[3.27499628],"iteration":843,"passed_time":0.5941215644,"remaining_time":0.1098139384},
{"learn":[3.273569958],"iteration":844,"passed_time":0.594572842,"remaining_time":0.1090636574},
{"learn":[3.269665595],"iteration":845,"passed_time":0.5950068838,"remaining_time":0.1083109458},
{"learn":[3.267984685],"iteration":846,"passed_time":0.5955049725,"remaining_time":0.1075705558},
{"learn":[3.267702508],"iteration":847,"passed_time":0.5959533893,"remaining_time":0.1068218339},
{"learn":[3.266671924],"iteration":848,"passed_time":0.5964225767,"remaining_time":0.1060775136},
{"learn":[3.265359825],"iteration":849,"passed_time":0.5970058761,"remaining_time":0.1053539781},
{"learn":[3.2618983],"iteration":850,"passed_time":0.5974843553,"remaining_time":0.1046124194},
{"learn":[3.260456253],"iteration":851,"passed_time":0.5979329322,"remaining_time":0.103866284},
{"learn":[3.258389147],"iteration":852,"passed_time":0.5983934615,"remaining_time":0.103122906},
{"learn":[3.258108469],"iteration":853,"passed_time":0.5988200928,"remaining_time":0.1023743953},
{"learn":[3.256424936],"iteration":854,"passed_time":0.5992669726,"remaining_time":0.1016300714},
{"learn":[3.254817983],"iteration":855,"passed_time":0.5997174351,"remaining_time":0.1008870451},
{"learn":[3.253898449],"iteration":856,"passed_time":0.6001598036,"remaining_time":0.1001433511},
{"learn":[3.253023652],"iteration":857,"passed_time":0.6005831848,"remaining_time":0.09939721707},
{"learn":[3.252845542],"iteration":858,"passed_time":0.6010158391,"remaining_time":0.09865335659},
{"learn":[3.252316026],"iteration":859,"passed_time":0.6014736767,"remaining_time":0.09791431947},
{"learn":[3.24975301],"iteration":860,"passed_time":0.6019746911,"remaining_time":0.097182906},
{"learn":[3.249151075],"iteration":861,"passed_time":0.6025349937,"remaining_time":0.09646151871},
{"learn":[3.246257135],"iteration":862,"passed_time":0.6030502126,"remaining_time":0.09573334777},
{"learn":[3.243826471],"iteration":863,"passed_time":0.6035348128,"remaining_time":0.09500085016},
{"learn":[3.243190653],"iteration":864,"passed_time":0.6040850984,"remaining_time":0.09427917721},
{"learn":[3.24008797],"iteration":865,"passed_time":0.6047621406,"remaining_time":0.09357751367},
{"learn":[3.240036811],"iteration":866,"passed_time":0.6053004133,"remaining_time":0.09285461934},
{"learn":[3.238676314],"iteration":867,"passed_time":0.6058534089,"remaining_time":0.09213438937},
{"learn":[3.237848782],"iteration":868,"passed_time":0.606394531,"remaining_time":0.09141275439},
{"learn":[3.236405498],"iteration":869,"passed_time":0.6069484372,"remaining_time":0.09069344464},
{"learn":[3.233378068],"iteration":870,"passed_time":0.6074645755,"remaining_time":0.08996892106},
{"learn":[3.233169169],"iteration":871,"passed_time":0.6079288291,"remaining_time":0.08923725932},
{"learn":[3.232434885],"iteration":872,"passed_time":0.6083637689,"remaining_time":0.08850194576},
{"learn":[3.229978115],"iteration":873,"passed_time":0.6088422098,"remaining_time":0.08777359088},
{"learn":[3.229648848],"iteration":874,"passed_time":0.6092968111,"remaining_time":0.08704240159},
{"learn":[3.227208761],"iteration":875,"passed_time":0.6097392226,"remaining_time":0.08631011827},
{"learn":[3.226258869],"iteration":876,"passed_time":0.6101878164,"remaining_time":0.08557936307},
{"learn":[3.225331995],"iteration":877,"passed_time":0.6106526845,"remaining_time":0.08485151196},
{"learn":[3.221968268],"iteration":878,"passed_time":0.6111062913,"remaining_time":0.08412270904},
{"learn":[3.221166317],"iteration":879,"passed_time":0.6115883072,"remaining_time":0.08339840553},
{"learn":[3.220047503],"iteration":880,"passed_time":0.6121077435,"remaining_time":0.08267970656},
{"learn":[3.21982781],"iteration":881,"passed_time":0.6125901409,"remaining_time":0.08195650412},
{"learn":[3.216693405],"iteration":882,"passed_time":0.6130420959,"remaining_time":0.08122981339},
{"learn":[3.214798761],"iteration":883,"passed_time":0.6135098839,"remaining_time":0.08050582187},
{"learn":[3.214395085],"iteration":884,"passed_time":0.6139464939,"remaining_time":0.07977835797},
{"learn":[3.213470696],"iteration":885,"passed_time":0.6143773438,"remaining_time":0.07905080947},
{"learn":[3.211595017],"iteration":886,"passed_time":0.6148366977,"remaining_time":0.07832756127},
{"learn":[3.210965255],"iteration":887,"passed_time":0.6152667569,"remaining_time":0.07760121258},
{"learn":[3.209413583],"iteration":888,"passed_time":0.6157357547,"remaining_time":0.07688039232},
{"learn":[3.208331683],"iteration":889,"passed_time":0.616198096,"remaining_time":0.07615931523},
{"learn":[3.207110711],"iteration":890,"passed_time":0.6166908904,"remaining_time":0.07544254439},
{"learn":[3.204519413],"iteration":891,"passed_time":0.6171707081,"remaining_time":0.07472470457},
{"learn":[3.201421296],"iteration":892,"passed_time":0.6176419999,"remaining_time":0.07400637624},
{"learn":[3.200691259],"iteration":893,"passed_time":0.6181182863,"remaining_time":0.07328919278},
{"learn":[3.200485067],"iteration":894,"passed_time":0.6185810022,"remaining_time":0.07257095556},
{"learn":[3.197467568],"iteration":895,"passed_time":0.6190616612,"remaining_time":0.07185537139},
{"learn":[3.195838544],"iteration":896,"passed_time":0.6196799495,"remaining_time":0.0711561146},
{"learn":[3.195671746],"iteration":897,"passed_time":0.6201641038,"remaining_time":0.07044180244},
{"learn":[3.194213094],"iteration":898,"passed_time":0.6206321668,"remaining_time":0.0697261945},
{"learn":[3.192884691],"iteration":899,"passed_time":0.621103821,"remaining_time":0.06901153566},
{"learn":[3.188364239],"iteration":900,"passed_time":0.6215335231,"remaining_time":0.06829280665},
{"learn":[3.185219478],"iteration":901,"passed_time":0.6219977591,"remaining_time":0.0675784705},
{"learn":[3.184120387],"iteration":902,"passed_time":0.6224461721,"remaining_time":0.06686298858},
{"learn":[3.183725321],"iteration":903,"passed_time":0.6229087072,"remaining_time":0.06614959722},
{"learn":[3.181264554],"iteration":904,"passed_time":0.6233808218,"remaining_time":0.06543776582},
{"learn":[3.180741589],"iteration":905,"passed_time":0.6238027465,"remaining_time":0.06472125625},
{"learn":[3.179782639],"iteration":906,"passed_time":0.6242556752,"remaining_time":0.0640085753},
{"learn":[3.176377564],"iteration":907,"passed_time":0.6247094866,"remaining_time":0.06329655592},
{"learn":[3.174078182],"iteration":908,"passed_time":0.6251702128,"remaining_time":0.06258579688},
{"learn":[3.171242379],"iteration":909,"passed_time":0.6256023675,"remaining_time":0.06187276162},
{"learn":[3.170421012],"iteration":910,"passed_time":0.6260642881,"remaining_time":0.06116325098},
{"learn":[3.170087224],"iteration":911,"passed_time":0.6265007196,"remaining_time":0.06045182382},
{"learn":[3.167303059],"iteration":912,"passed_time":0.6270326668,"remaining_time":0.05975010078},
{"learn":[3.16705966],"iteration":913,"passed_time":0.6275724021,"remaining_time":0.05904948204},
{"learn":[3.165667683],"iteration":914,"passed_time":0.6280495045,"remaining_time":0.0583433966},
{"learn":[3.164689733],"iteration":915,"passed_time":0.6285164574,"remaining_time":0.05763688037},
{"learn":[3.163311455],"iteration":916,"passed_time":0.6289644712,"remaining_time":0.05692917242},
{"learn":[3.159425016],"iteration":917,"passed_time":0.6294268178,"remaining_time":0.05622331052},
{"learn":[3.159327058],"iteration":918,"passed_time":0.6298738646,"remaining_time":0.05551663007},
{"learn":[3.15819426],"iteration":919,"passed_time":0.6303278117,"remaining_time":0.05481111406},
{"learn":[3.157086603],"iteration":920,"passed_time":0.6307832412,"remaining_time":0.05410627151},
{"learn":[3.153354154],"iteration":921,"passed_time":0.6313723544,"remaining_time":0.05341327944},
{"learn":[3.153261317],"iteration":922,"passed_time":0.6319059622,"remaining_time":0.05271588201},
{"learn":[3.153168454],"iteration":923,"passed_time":0.6323686199,"remaining_time":0.05201300337},
{"learn":[3.152080399],"iteration":924,"passed_time":0.6328198003,"remaining_time":0.05130971354},
{"learn":[3.151635144],"iteration":925,"passed_time":0.6332625366,"remaining_time":0.05060629342},
{"learn":[3.147762655],"iteration":926,"passed_time":0.6337331411,"remaining_time":0.04990563031},
{"learn":[3.147172317],"iteration":927,"passed_time":0.6342365348,"remaining_time":0.04920800701},
{"learn":[3.146254125],"iteration":928,"passed_time":0.6347592262,"remaining_time":0.04851227671},
{"learn":[3.144869828],"iteration":929,"passed_time":0.6352023035,"remaining_time":0.04781092607},
{"learn":[3.143466218],"iteration":930,"passed_time":0.63567992,"remaining_time":0.0471126901},
{"learn":[3.141919643],"iteration":931,"passed_time":0.6361511773,"remaining_time":0.04641446358},
{"learn":[3.141054135],"iteration":932,"passed_time":0.6366154677,"remaining_time":0.04571622329},
{"learn":[3.139390417],"iteration":933,"passed_time":0.6370610588,"remaining_time":0.04501716261},
{"learn":[3.139025283],"iteration":934,"passed_time":0.6375068866,"remaining_time":0.04431866057},
{"learn":[3.137824183],"iteration":935,"passed_time":0.6379374676,"remaining_time":0.0436196559},
{"learn":[3.135620453],"iteration":936,"passed_time":0.6384201838,"remaining_time":0.04292472954},
{"learn":[3.13443178],"iteration":937,"passed_time":0.6388908074,"remaining_time":0.04222945635},
{"learn":[3.132765713],"iteration":938,"passed_time":0.6393240025,"remaining_time":0.0415322302},
{"learn":[3.131434124],"iteration":939,"passed_time":0.6397626881,"remaining_time":0.04083591626},
{"learn":[3.128384262],"iteration":940,"passed_time":0.6402250416,"remaining_time":0.04014163385},
{"learn":[3.128120455],"iteration":941,"passed_time":0.6406450164,"remaining_time":0.03944523455},
{"learn":[3.126314615],"iteration":942,"passed_time":0.6410904228,"remaining_time":0.03875095875},
{"learn":[3.125409666],"iteration":943,"passed_time":0.641521213,"remaining_time":0.03805634314},
{"learn":[3.123072589],"iteration":944,"passed_time":0.6421413497,"remaining_time":0.03737330607},
{"learn":[3.122921099],"iteration":945,"passed_time":0.642666063,"remaining_time":0.03668495497},
{"learn":[3.122182662],"iteration":946,"passed_time":0.6431336733,"remaining_time":0.03599375363},
{"learn":[3.120040951],"iteration":947,"passed_time":0.6436071754,"remaining_time":0.03530334718},
{"learn":[3.118767799],"iteration":948,"passed_time":0.6440823425,"remaining_time":0.03461348732},
{"learn":[3.118203218],"iteration":949,"passed_time":0.6445101683,"remaining_time":0.0339215878},
{"learn":[3.116343362],"iteration":950,"passed_time":0.644964159,"remaining_time":0.03323159179},
{"learn":[3.11480829],"iteration":951,"passed_time":0.6455699199,"remaining_time":0.03254974386},
{"learn":[3.112607903],"iteration":952,"passed_time":0.6460753065,"remaining_time":0.03186310536},
{"learn":[3.111661241],"iteration":953,"passed_time":0.646632906,"remaining_time":0.03117936444},
{"learn":[3.110249676],"iteration":954,"passed_time":0.6471893977,"remaining_time":0.03049583549},
{"learn":[3.107333579],"iteration":955,"passed_time":0.6477334807,"remaining_time":0.0298120012},
{"learn":[3.107149851],"iteration":956,"passed_time":0.6482242547,"remaining_time":0.02912606369},
{"learn":[3.106867336],"iteration":957,"passed_time":0.6487039495,"remaining_time":0.02844004789},
{"learn":[3.10364681],"iteration":958,"passed_time":0.6491996665,"remaining_time":0.02775514737},
{"learn":[3.102703811],"iteration":959,"passed_time":0.6497552089,"remaining_time":0.0270731337},
{"learn":[3.101469264],"iteration":960,"passed_time":0.6502744073,"remaining_time":0.02638990831},
{"learn":[3.09863569],"iteration":961,"passed_time":0.6507431859,"remaining_time":0.02570503229},
{"learn":[3.09645939],"iteration":962,"passed_time":0.6512128319,"remaining_time":0.0250206384},
{"learn":[3.096240186],"iteration":963,"passed_time":0.6516485486,"remaining_time":0.02433542297},
{"learn":[3.094838828],"iteration":964,"passed_time":0.6521002982,"remaining_time":0.02365130615},
{"learn":[3.094176802],"iteration":965,"passed_time":0.6525513169,"remaining_time":0.02296764469},
{"learn":[3.093182279],"iteration":966,"passed_time":0.6530279749,"remaining_time":0.02228533937},
{"learn":[3.090150687],"iteration":967,"passed_time":0.6534722306,"remaining_time":0.02160238779},
{"learn":[3.088612829],"iteration":968,"passed_time":0.6539284409,"remaining_time":0.02092031132},
{"learn":[3.087153684],"iteration":969,"passed_time":0.6543520113,"remaining_time":0.02023769107},
{"learn":[3.085866843],"iteration":970,"passed_time":0.6547946144,"remaining_time":0.01955617283},
{"learn":[3.082669094],"iteration":971,"passed_time":0.6552662003,"remaining_time":0.01887598108},
{"learn":[3.081047548],"iteration":972,"passed_time":0.6557020732,"remaining_time":0.01819522711},
{"learn":[3.079684322],"iteration":973,"passed_time":0.6561423655,"remaining_time":0.01751509394},
{"learn":[3.07613431],"iteration":974,"passed_time":0.6566163051,"remaining_time":0.01683631552},
{"learn":[3.074005935],"iteration":975,"passed_time":0.6571501118,"remaining_time":0.01615942898},
{"learn":[3.072988853],"iteration":976,"passed_time":0.6577437335,"remaining_time":0.01548424347},
{"learn":[3.072344268],"iteration":977,"passed_time":0.6582259746,"remaining_time":0.01480671927},
{"learn":[3.070654438],"iteration":978,"passed_time":0.6586496814,"remaining_time":0.01412833842},
{"learn":[3.069724506],"iteration":979,"passed_time":0.6591032592,"remaining_time":0.01345108692},
{"learn":[3.067763166],"iteration":980,"passed_time":0.6595328364,"remaining_time":0.0127738266},
{"learn":[3.066737893],"iteration":981,"passed_time":0.660162899,"remaining_time":0.0121007456},
{"learn":[3.065248174],"iteration":982,"passed_time":0.6609050822,"remaining_time":0.01142969115},
{"learn":[3.063186837],"iteration":983,"passed_time":0.6615187792,"remaining_time":0.01075640291},
{"learn":[3.062880371],"iteration":984,"passed_time":0.6620498641,"remaining_time":0.01008197763},
{"learn":[3.061288645],"iteration":985,"passed_time":0.662629644,"remaining_time":0.009408534499},
{"learn":[3.059970575],"iteration":986,"passed_time":0.6631206885,"remaining_time":0.008734112412},
{"learn":[3.059576341],"iteration":987,"passed_time":0.6636363786,"remaining_time":0.008060360874},
{"learn":[3.058175919],"iteration":988,"passed_time":0.6641902764,"remaining_time":0.007387353933},
{"learn":[3.056830702],"iteration":989,"passed_time":0.664939713,"remaining_time":0.006716562757},
{"learn":[3.056336579],"iteration":990,"passed_time":0.6661262909,"remaining_time":0.006049582864},
{"learn":[3.055810414],"iteration":991,"passed_time":0.6667161158,"remaining_time":0.005376742869},
{"learn":[3.055476518],"iteration":992,"passed_time":0.6673790979,"remaining_time":0.004704585785},
{"learn":[3.053331734],"iteration":993,"passed_time":0.6678941762,"remaining_time":0.004031554383},
{"learn":[3.050890374],"iteration":994,"passed_time":0.6684367111,"remaining_time":0.003358978448},
{"learn":[3.04972623],"iteration":995,"passed_time":0.6691537722,"remaining_time":0.002687364547},
{"learn":[3.047217327],"iteration":996,"passed_time":0.6697609866,"remaining_time":0.002015328947},
{"learn":[3.047155483],"iteration":997,"passed_time":0.670377843,"remaining_time":0.001343442571},
{"learn":[3.04430671],"iteration":998,"passed_time":0.6713765836,"remaining_time":0.0006720486323},
{"learn":[3.042664195],"iteration":999,"passed_time":0.6718731868,"remaining_time":0}
]}