{
"meta":{"test_sets":[],"test_metrics":[],"learn_metrics":[{"best_value":"Min","name":"RMSE"}],"launch_mode":"Train","parameters":"","iteration_count":100,"learn_sets":["learn"],"name":"experiment"},
"iterations":[
{"learn":[14.005006],"iteration":0,"passed_time":0.0005907525994,"remaining_time":0.05848450734},
{"learn":[13.14441192],"iteration":1,"passed_time":0.001093735834,"remaining_time":0.05359305589},
{"learn":[12.34258257],"iteration":2,"passed_time":0.001547689249,"remaining_time":0.0500419524},
{"learn":[11.64527793],"iteration":3,"passed_time":0.001893880721,"remaining_time":0.04545313732},
{"learn":[11.02766183],"iteration":4,"passed_time":0.002327604991,"remaining_time":0.04422449483},
{"learn":[10.43485794],"iteration":5,"passed_time":0.003010010786,"remaining_time":0.04715683564},
{"learn":[9.890641275],"iteration":6,"passed_time":0.00348190194,"remaining_time":0.04625955434},
{"learn":[9.492161212],"iteration":7,"passed_time":0.004046874877,"remaining_time":0.04653906108},
{"learn":[9.105082953],"iteration":8,"passed_time":0.004545964329,"remaining_time":0.04596475043},
{"learn":[8.674157135],"iteration":9,"passed_time":0.004988681967,"remaining_time":0.0448981377},
{"learn":[8.341743544],"iteration":10,"passed_time":0.005485006113,"remaining_time":0.04437868582},
{"learn":[8.049372916],"iteration":11,"passed_time":0.005962364334,"remaining_time":0.04372400512},
{"learn":[7.757318612],"iteration":12,"passed_time":0.006412708765,"remaining_time":0.0429158202},
{"learn":[7.522206899],"iteration":13,"passed_time":0.006952725431,"remaining_time":0.04270959907},
{"learn":[7.297756655],"iteration":14,"passed_time":0.007413210847,"remaining_time":0.0420081948},
{"learn":[7.088359431],"iteration":15,"passed_time":0.007889977269,"remaining_time":0.04142238066},
{"learn":[6.882113791],"iteration":16,"passed_time":0.008374635377,"remaining_time":0.04088792566},
{"learn":[6.704728832],"iteration":17,"passed_time":0.008813115482,"remaining_time":0.0401486372},
{"learn":[6.563881962],"iteration":18,"passed_time":0.009423338529,"remaining_time":0.04017318005},
{"learn":[6.418790279],"iteration":19,"passed_time":0.009872302604,"remaining_time":0.03948921042},
{"learn":[6.315756953],"iteration":20,"passed_time":0.01037163436,"remaining_time":0.0390171007},
{"learn":[6.210157751],"iteration":21,"passed_time":0.01090053201,"remaining_time":0.03864734075},
{"learn":[6.115058449],"iteration":22,"passed_time":0.01136541267,"remaining_time":0.03804942501},
{"learn":[6.014819884],"iteration":23,"passed_time":0.01183011877,"remaining_time":0.03746204277},
{"learn":[5.93117229],"iteration":24,"passed_time":0.01226779807,"remaining_time":0.03680339421},
{"learn":[5.844857622],"iteration":25,"passed_time":0.01296611279,"remaining_time":0.0369035518},
{"learn":[5.771145213],"iteration":26,"passed_time":0.01347872101,"remaining_time":0.03644246791},
{"learn":[5.704018229],"iteration":27,"passed_time":0.01399226401,"remaining_time":0.03598010744},
{"learn":[5.665806474],"iteration":28,"passed_time":0.01459420492,"remaining_time":0.03573063962},
{"learn":[5.616500369],"iteration":29,"passed_time":0.0152157782,"remaining_time":0.03550348246},
{"learn":[5.558023666],"iteration":30,"passed_time":0.01605600662,"remaining_time":0.03573756312},
{"learn":[5.510080976],"iteration":31,"passed_time":0.01661426266,"remaining_time":0.03530530816},
{"learn":[5.468747792],"iteration":32,"passed_time":0.01723225797,"remaining_time":0.03498670557},
{"learn":[5.429275534],"iteration":33,"passed_time":0.01778818624,"remaining_time":0.03453000858},
{"learn":[5.402117324],"iteration":34,"passed_time":0.01837559015,"remaining_time":0.034126096},
{"learn":[5.367635151],"iteration":35,"passed_time":0.01906551211,"remaining_time":0.03389424376},
{"learn":[5.345181232],"iteration":36,"passed_time":0.01970166794,"remaining_time":0.03354608325},
{"learn":[5.319151269],"iteration":37,"passed_time":0.02029120172,"remaining_time":0.03310669755},
{"learn":[5.296134146],"iteration":38,"passed_time":0.02080862243,"remaining_time":0.03254681969},
{"learn":[5.269629003],"iteration":39,"passed_time":0.02127623088,"remaining_time":0.03191434632},
{"learn":[5.251147059],"iteration":40,"passed_time":0.02180135876,"remaining_time":0.031372687},
{"learn":[5.248003302],"iteration":41,"passed_time":0.02200211827,"remaining_time":0.03038387762},
{"learn":[5.232376509],"iteration":42,"passed_time":0.02245162132,"remaining_time":0.02976145152},
{"learn":[5.213524255],"iteration":43,"passed_time":0.02290788911,"remaining_time":0.02915549523},
{"learn":[5.189691584],"iteration":44,"passed_time":0.02333958916,"remaining_time":0.02852616453},
{"learn":[5.166052198],"iteration":45,"passed_time":0.02378110559,"remaining_time":0.02791695005},
{"learn":[5.140406659],"iteration":46,"passed_time":0.0242439452,"remaining_time":0.02733891692},
{"learn":[5.118929684],"iteration":47,"passed_time":0.02472828558,"remaining_time":0.02678897605},
{"learn":[5.108792602],"iteration":48,"passed_time":0.02516454319,"remaining_time":0.0261916674},
{"learn":[5.098141225],"iteration":49,"passed_time":0.02561377828,"remaining_time":0.02561377828},
{"learn":[5.085926393],"iteration":50,"passed_time":0.02608701534,"remaining_time":0.02506399513},
{"learn":[5.067816804],"iteration":51,"passed_time":0.02655176661,"remaining_time":0.02450932303},
{"learn":[5.049834901],"iteration":52,"passed_time":0.02704229449,"remaining_time":0.02398090266},
{"learn":[5.03838627],"iteration":53,"passed_time":0.0274742625,"remaining_time":0.02340400139},
{"learn":[5.033534248],"iteration":54,"passed_time":0.02780106544,"remaining_time":0.02274632627},
{"learn":[5.023726885],"iteration":55,"passed_time":0.02834003134,"remaining_time":0.02226716748},
{"learn":[5.01290392],"iteration":56,"passed_time":0.02879251482,"remaining_time":0.02172066908},
{"learn":[5.005569127],"iteration":57,"passed_time":0.02926648685,"remaining_time":0.02119297323},
{"learn":[4.989969032],"iteration":58,"passed_time":0.02973630019,"remaining_time":0.02066420861},
{"learn":[4.976762446],"iteration":59,"passed_time":0.030232743,"remaining_time":0.020155162},
{"learn":[4.967222715],"iteration":60,"passed_time":0.03071886875,"remaining_time":0.01963993248},
{"learn":[4.954407599],"iteration":61,"passed_time":0.03120249254,"remaining_time":0.01912410833},
{"learn":[4.942125056],"iteration":62,"passed_time":0.03167232809,"remaining_time":0.01860120856},
{"learn":[4.930230716],"iteration":63,"passed_time":0.03212643003,"remaining_time":0.01807111689},
{"learn":[4.921695642],"iteration":64,"passed_time":0.03259169731,"remaining_time":0.01754937548},
{"learn":[4.906405625],"iteration":65,"passed_time":0.03315824813,"remaining_time":0.01708152176},
{"learn":[4.894330248],"iteration":66,"passed_time":0.03370814854,"remaining_time":0.01660252092},
{"learn":[4.88211557],"iteration":67,"passed_time":0.03420927178,"remaining_time":0.01609848084},
{"learn":[4.877946398],"iteration":68,"passed_time":0.03464573992,"remaining_time":0.01556547736},
{"learn":[4.863182126],"iteration":69,"passed_time":0.03510096038,"remaining_time":0.01504326874},
{"learn":[4.84646533],"iteration":70,"passed_time":0.03554913207,"remaining_time":0.01452006803},
{"learn":[4.838014752],"iteration":71,"passed_time":0.03601125279,"remaining_time":0.01400437608},
{"learn":[4.82981137],"iteration":72,"passed_time":0.03643791144,"remaining_time":0.01347703574},
{"learn":[4.817094767],"iteration":73,"passed_time":0.03691692104,"remaining_time":0.01297081009},
{"learn":[4.808314151],"iteration":74,"passed_time":0.03738871726,"remaining_time":0.01246290575},
{"learn":[4.796235023],"iteration":75,"passed_time":0.03784057832,"remaining_time":0.01194965631},
{"learn":[4.784434534],"iteration":76,"passed_time":0.03827894359,"remaining_time":0.01143397016},
{"learn":[4.774402487],"iteration":77,"passed_time":0.0387109338,"remaining_time":0.01091846851},
{"learn":[4.76731896],"iteration":78,"passed_time":0.03914654371,"remaining_time":0.01040604327},
{"learn":[4.75934113],"iteration":79,"passed_time":0.03957528859,"remaining_time":0.009893822149},
{"learn":[4.754106378],"iteration":80,"passed_time":0.04005921403,"remaining_time":0.009396605761},
{"learn":[4.744002932],"iteration":81,"passed_time":0.04053921583,"remaining_time":0.008898852256},
{"learn":[4.731700554],"iteration":82,"passed_time":0.04105029402,"remaining_time":0.008407891546},
{"learn":[4.723284153],"iteration":83,"passed_time":0.0415871423,"remaining_time":0.007921360437},
{"learn":[4.712232782],"iteration":84,"passed_time":0.04201807293,"remaining_time":0.007414954047},
{"learn":[4.703046867],"iteration":85,"passed_time":0.04267505698,"remaining_time":0.006947102299},
{"learn":[4.698601855],"iteration":86,"passed_time":0.04325456308,"remaining_time":0.006463325518},
{"learn":[4.692429407],"iteration":87,"passed_time":0.04375814348,"remaining_time":0.005967019565},
{"learn":[4.675027364],"iteration":88,"passed_time":0.04430627959,"remaining_time":0.005476057028},
{"learn":[4.662368584],"iteration":89,"passed_time":0.04480029013,"remaining_time":0.004977810014},
{"learn":[4.646206172],"iteration":90,"passed_time":0.04535837353,"remaining_time":0.004485992987},
{"learn":[4.641245848],"iteration":91,"passed_time":0.04585756022,"remaining_time":0.003987613932},
{"learn":[4.633900435],"iteration":92,"passed_time":0.04637290388,"remaining_time":0.003490433625},
{"learn":[4.624738236],"iteration":93,"passed_time":0.04691095107,"remaining_time":0.002994316026},
{"learn":[4.612798287],"iteration":94,"passed_time":0.04740020194,"remaining_time":0.002494747471},
{"learn":[4.605222001],"iteration":95,"passed_time":0.04782869418,"remaining_time":0.001992862257},
{"learn":[4.601725912],"iteration":96,"passed_time":0.04826226533,"remaining_time":0.001492647381},
{"learn":[4.59722371],"iteration":97,"passed_time":0.04875771594,"remaining_time":0.0009950554273},
{"learn":[4.580235665],"iteration":98,"passed_time":0.04924073339,"remaining_time":0.0004973811454},
{"learn":[4.57591791],"iteration":99,"passed_time":0.0497540092,"remaining_time":0}
]}